team,season,drives,d_3_and_out,d_fg,d_td,d_3_and_out_rate,d_fg_rate,d_td_rate
BUF,2023,166,25,28,51,0.15060240963855423,0.1686746987951807,0.3072289156626506
KC,2023,165,28,33,37,0.1696969696969697,0.2,0.22424242424242424
MIA,2023,174,31,26,57,0.1781609195402299,0.14942528735632185,0.3275862068965517
DAL,2023,157,29,38,50,0.18471337579617833,0.24203821656050956,0.3184713375796178
DET,2023,174,35,20,56,0.20114942528735633,0.11494252873563218,0.3218390804597701
MIN,2023,171,36,30,36,0.21052631578947367,0.17543859649122806,0.21052631578947367
LA,2023,177,38,41,44,0.21468926553672316,0.23163841807909605,0.24858757062146894
GB,2023,163,35,32,42,0.2147239263803681,0.19631901840490798,0.25766871165644173
PHI,2023,172,37,32,46,0.21511627906976744,0.18604651162790697,0.26744186046511625
BAL,2023,185,40,36,53,0.21621621621621623,0.1945945945945946,0.2864864864864865
JAX,2023,185,40,37,39,0.21621621621621623,0.2,0.21081081081081082
HOU,2023,183,40,36,36,0.2185792349726776,0.19672131147540983,0.19672131147540983
SF,2023,159,35,24,60,0.22012578616352202,0.1509433962264151,0.37735849056603776
CHI,2023,177,39,37,35,0.22033898305084745,0.20903954802259886,0.1977401129943503
NO,2023,182,41,37,41,0.22527472527472528,0.2032967032967033,0.22527472527472528
ARI,2023,174,42,32,35,0.2413793103448276,0.1839080459770115,0.20114942528735633
IND,2023,186,45,40,37,0.24193548387096775,0.21505376344086022,0.1989247311827957
WAS,2023,193,47,24,38,0.24352331606217617,0.12435233160621761,0.19689119170984457
SEA,2023,167,42,39,33,0.25149700598802394,0.23353293413173654,0.19760479041916168
LAC,2023,182,46,32,35,0.25274725274725274,0.17582417582417584,0.19230769230769232
CLE,2023,210,56,32,39,0.26666666666666666,0.1523809523809524,0.18571428571428572
TEN,2023,168,45,29,30,0.26785714285714285,0.17261904761904762,0.17857142857142858
DEN,2023,174,47,32,34,0.27011494252873564,0.1839080459770115,0.19540229885057472
ATL,2023,184,51,35,31,0.27717391304347827,0.19021739130434784,0.16847826086956522
PIT,2023,177,50,30,28,0.2824858757062147,0.1694915254237288,0.15819209039548024
CIN,2023,175,50,29,39,0.2857142857142857,0.1657142857142857,0.22285714285714286
TB,2023,171,49,31,36,0.28654970760233917,0.18128654970760233,0.21052631578947367
LV,2023,170,49,29,30,0.28823529411764703,0.17058823529411765,0.17647058823529413
NYJ,2023,201,59,37,18,0.2935323383084577,0.18407960199004975,0.08955223880597014
CAR,2023,177,54,29,20,0.3050847457627119,0.1638418079096045,0.11299435028248588
NE,2023,197,64,24,25,0.3248730964467005,0.1218274111675127,0.12690355329949238
NYG,2023,191,65,29,25,0.3403141361256545,0.1518324607329843,0.13089005235602094
MIA,2022,171,28,31,42,0.16374269005847952,0.18128654970760233,0.24561403508771928
GB,2022,164,29,27,39,0.17682926829268292,0.16463414634146342,0.23780487804878048
SF,2022,174,31,31,50,0.1781609195402299,0.1781609195402299,0.28735632183908044
DET,2022,166,31,30,52,0.18674698795180722,0.18072289156626506,0.3132530120481928
KC,2022,170,32,32,59,0.18823529411764706,0.18823529411764706,0.34705882352941175
ATL,2022,159,30,33,34,0.18867924528301888,0.20754716981132076,0.2138364779874214
PHI,2022,171,33,25,57,0.19298245614035087,0.14619883040935672,0.3333333333333333
BAL,2022,165,33,42,33,0.2,0.2545454545454545,0.2
LV,2022,170,34,37,40,0.2,0.21764705882352942,0.23529411764705882
BUF,2022,157,32,29,50,0.20382165605095542,0.18471337579617833,0.3184713375796178
CLE,2022,168,35,30,38,0.20833333333333334,0.17857142857142858,0.2261904761904762
SEA,2022,178,39,36,42,0.21910112359550563,0.20224719101123595,0.23595505617977527
WAS,2022,188,42,29,33,0.22340425531914893,0.15425531914893617,0.17553191489361702
NYG,2022,168,39,29,37,0.23214285714285715,0.17261904761904762,0.22023809523809523
JAX,2022,171,41,34,41,0.23976608187134502,0.19883040935672514,0.23976608187134502
CIN,2022,161,39,28,49,0.2422360248447205,0.17391304347826086,0.30434782608695654
LAC,2022,177,43,32,41,0.24293785310734464,0.1807909604519774,0.23163841807909605
IND,2022,188,46,38,25,0.24468085106382978,0.20212765957446807,0.13297872340425532
CHI,2022,172,44,26,37,0.2558139534883721,0.1511627906976744,0.21511627906976744
ARI,2022,179,46,31,32,0.2569832402234637,0.17318435754189945,0.1787709497206704
MIN,2022,190,49,31,48,0.2578947368421053,0.1631578947368421,0.25263157894736843
DAL,2022,185,49,31,52,0.2648648648648649,0.16756756756756758,0.2810810810810811
NO,2022,177,48,30,36,0.2711864406779661,0.1694915254237288,0.2033898305084746
NYJ,2022,187,51,37,28,0.2727272727272727,0.19786096256684493,0.1497326203208556
PIT,2022,167,46,43,28,0.2754491017964072,0.25748502994011974,0.16766467065868262
TB,2022,181,51,37,29,0.281767955801105,0.20441988950276244,0.16022099447513813
HOU,2022,189,54,31,27,0.2857142857142857,0.164021164021164,0.14285714285714285
LA,2022,164,47,29,30,0.2865853658536585,0.17682926829268292,0.18292682926829268
NE,2022,178,53,36,31,0.29775280898876405,0.20224719101123595,0.17415730337078653
DEN,2022,192,58,36,29,0.3020833333333333,0.1875,0.15104166666666666
CAR,2022,179,56,33,32,0.3128491620111732,0.18435754189944134,0.1787709497206704
TEN,2022,182,60,23,32,0.32967032967032966,0.12637362637362637,0.17582417582417584
KC,2021,157,22,32,53,0.14012738853503184,0.20382165605095542,0.3375796178343949
LA,2021,168,28,34,51,0.16666666666666666,0.20238095238095238,0.30357142857142855
NE,2021,164,28,38,48,0.17073170731707318,0.23170731707317074,0.2926829268292683
BUF,2021,175,30,32,56,0.17142857142857143,0.18285714285714286,0.32
BAL,2021,182,32,34,38,0.17582417582417584,0.18681318681318682,0.2087912087912088
LV,2021,178,33,40,37,0.1853932584269663,0.2247191011235955,0.20786516853932585
LAC,2021,166,31,26,56,0.18674698795180722,0.1566265060240964,0.3373493975903614
TB,2021,182,34,30,61,0.18681318681318682,0.16483516483516483,0.33516483516483514
ARI,2021,171,33,37,50,0.19298245614035087,0.21637426900584794,0.29239766081871343
GB,2021,158,31,32,52,0.1962025316455696,0.20253164556962025,0.3291139240506329
ATL,2021,170,34,27,31,0.2,0.1588235294117647,0.18235294117647058
PHI,2021,163,33,33,44,0.20245398773006135,0.20245398773006135,0.26993865030674846
SF,2021,172,35,29,48,0.20348837209302326,0.1686046511627907,0.27906976744186046
TEN,2021,174,36,31,45,0.20689655172413793,0.1781609195402299,0.25862068965517243
CHI,2021,171,37,28,29,0.21637426900584794,0.16374269005847952,0.1695906432748538
CIN,2021,180,39,31,52,0.21666666666666667,0.17222222222222222,0.28888888888888886
IND,2021,172,38,35,49,0.22093023255813954,0.20348837209302326,0.28488372093023256
NYG,2021,178,40,32,22,0.2247191011235955,0.1797752808988764,0.12359550561797752
WAS,2021,169,38,31,34,0.22485207100591717,0.1834319526627219,0.20118343195266272
DET,2021,173,40,29,33,0.23121387283236994,0.1676300578034682,0.1907514450867052
CLE,2021,167,39,21,40,0.23353293413173654,0.12574850299401197,0.23952095808383234
DAL,2021,183,43,35,55,0.23497267759562843,0.1912568306010929,0.3005464480874317
DEN,2021,163,40,31,36,0.24539877300613497,0.1901840490797546,0.22085889570552147
CAR,2021,188,48,28,31,0.2553191489361702,0.14893617021276595,0.16489361702127658
PIT,2021,183,47,37,33,0.2568306010928962,0.20218579234972678,0.18032786885245902
SEA,2021,180,47,22,48,0.2611111111111111,0.12222222222222222,0.26666666666666666
MIA,2021,176,46,29,33,0.26136363636363635,0.16477272727272727,0.1875
NO,2021,184,49,29,41,0.266304347826087,0.15760869565217392,0.22282608695652173
NYJ,2021,180,48,27,34,0.26666666666666666,0.15,0.18888888888888888
JAX,2021,170,49,27,25,0.28823529411764703,0.1588235294117647,0.14705882352941177
MIN,2021,185,56,33,44,0.3027027027027027,0.1783783783783784,0.23783783783783785
HOU,2021,182,57,26,28,0.3131868131868132,0.14285714285714285,0.15384615384615385
CAR,2020,151,23,34,35,0.152317880794702,0.2251655629139073,0.23178807947019867
BUF,2020,154,24,34,56,0.15584415584415584,0.22077922077922077,0.36363636363636365
KC,2020,153,24,27,53,0.1568627450980392,0.17647058823529413,0.3464052287581699
CLE,2020,151,24,22,47,0.15894039735099338,0.1456953642384106,0.31125827814569534
IND,2020,155,26,36,44,0.16774193548387098,0.23225806451612904,0.2838709677419355
LV,2020,157,27,32,46,0.17197452229299362,0.20382165605095542,0.2929936305732484
DAL,2020,173,31,40,39,0.1791907514450867,0.23121387283236994,0.2254335260115607
MIN,2020,169,31,21,55,0.1834319526627219,0.1242603550295858,0.3254437869822485
HOU,2020,155,29,29,43,0.1870967741935484,0.1870967741935484,0.27741935483870966
TEN,2020,160,30,28,59,0.1875,0.175,0.36875
TB,2020,163,31,29,57,0.1901840490797546,0.17791411042944785,0.3496932515337423
ARI,2020,168,32,25,49,0.19047619047619047,0.1488095238095238,0.2916666666666667
GB,2020,147,28,15,64,0.19047619047619047,0.10204081632653061,0.43537414965986393
DET,2020,161,31,26,43,0.19254658385093168,0.16149068322981366,0.2670807453416149
NE,2020,145,28,26,32,0.19310344827586207,0.1793103448275862,0.2206896551724138
JAX,2020,166,33,22,34,0.19879518072289157,0.13253012048192772,0.20481927710843373
SEA,2020,166,34,24,55,0.20481927710843373,0.14457831325301204,0.3313253012048193
SF,2020,176,37,26,44,0.21022727272727273,0.14772727272727273,0.25
NYG,2020,153,33,32,25,0.21568627450980393,0.20915032679738563,0.16339869281045752
LAC,2020,164,36,32,43,0.21951219512195122,0.1951219512195122,0.2621951219512195
CHI,2020,168,38,31,38,0.2261904761904762,0.18452380952380953,0.2261904761904762
BAL,2020,159,36,26,51,0.22641509433962265,0.16352201257861634,0.32075471698113206
NO,2020,166,38,27,57,0.2289156626506024,0.16265060240963855,0.3433734939759036
ATL,2020,165,38,39,40,0.23030303030303031,0.23636363636363636,0.24242424242424243
LA,2020,172,41,29,39,0.23837209302325582,0.1686046511627907,0.22674418604651161
DEN,2020,181,44,35,33,0.2430939226519337,0.19337016574585636,0.18232044198895028
PHI,2020,185,45,18,37,0.24324324324324326,0.0972972972972973,0.2
WAS,2020,173,48,34,34,0.2774566473988439,0.19653179190751446,0.19653179190751446
NYJ,2020,170,49,26,25,0.28823529411764703,0.15294117647058825,0.14705882352941177
PIT,2020,175,51,24,47,0.2914285714285714,0.13714285714285715,0.26857142857142857
MIA,2020,168,50,35,39,0.2976190476190476,0.20833333333333334,0.23214285714285715
CIN,2020,169,51,32,32,0.30177514792899407,0.1893491124260355,0.1893491124260355
BAL,2019,150,21,29,58,0.14,0.19333333333333333,0.38666666666666666
HOU,2019,160,25,25,44,0.15625,0.15625,0.275
LAC,2019,153,25,32,36,0.16339869281045752,0.20915032679738563,0.23529411764705882
TB,2019,188,31,34,48,0.16489361702127658,0.18085106382978725,0.2553191489361702
DAL,2019,167,29,40,48,0.17365269461077845,0.23952095808383234,0.2874251497005988
ATL,2019,161,28,38,39,0.17391304347826086,0.2360248447204969,0.2422360248447205
KC,2019,151,27,37,46,0.17880794701986755,0.24503311258278146,0.304635761589404
LV,2019,157,30,26,34,0.1910828025477707,0.16560509554140126,0.21656050955414013
IND,2019,155,31,29,39,0.2,0.1870967741935484,0.25161290322580643
PHI,2019,179,36,26,43,0.2011173184357542,0.1452513966480447,0.24022346368715083
SF,2019,170,35,35,51,0.20588235294117646,0.20588235294117646,0.3
MIA,2019,173,37,28,31,0.2138728323699422,0.16184971098265896,0.1791907514450867
NO,2019,158,34,33,48,0.21518987341772153,0.2088607594936709,0.3037974683544304
MIN,2019,166,36,29,45,0.21686746987951808,0.1746987951807229,0.2710843373493976
NYG,2019,181,41,17,41,0.2265193370165746,0.09392265193370165,0.2265193370165746
CAR,2019,187,45,30,37,0.24064171122994651,0.16042780748663102,0.19786096256684493
NE,2019,181,44,34,42,0.2430939226519337,0.1878453038674033,0.23204419889502761
SEA,2019,176,43,27,45,0.24431818181818182,0.1534090909090909,0.2556818181818182
CLE,2019,175,43,28,36,0.24571428571428572,0.16,0.2057142857142857
TEN,2019,170,42,16,50,0.24705882352941178,0.09411764705882353,0.29411764705882354
DET,2019,174,44,31,35,0.25287356321839083,0.1781609195402299,0.20114942528735633
GB,2019,165,42,22,43,0.2545454545454545,0.13333333333333333,0.2606060606060606
LA,2019,176,45,32,42,0.2556818181818182,0.18181818181818182,0.23863636363636365
ARI,2019,167,43,33,38,0.25748502994011974,0.19760479041916168,0.2275449101796407
PIT,2019,178,46,31,25,0.25842696629213485,0.17415730337078653,0.1404494382022472
JAX,2019,169,44,33,27,0.2603550295857988,0.1952662721893491,0.15976331360946747
CIN,2019,172,45,30,26,0.2616279069767442,0.1744186046511628,0.1511627906976744
BUF,2019,172,46,25,34,0.26744186046511625,0.14534883720930233,0.19767441860465115
DEN,2019,165,49,34,27,0.296969696969697,0.20606060606060606,0.16363636363636364
CHI,2019,168,54,26,28,0.32142857142857145,0.15476190476190477,0.16666666666666666
WAS,2019,169,56,30,25,0.33136094674556216,0.17751479289940827,0.14792899408284024
NYJ,2019,178,60,26,25,0.33707865168539325,0.14606741573033707,0.1404494382022472
LA,2018,165,20,40,55,0.12121212121212122,0.24242424242424243,0.3333333333333333
TB,2018,176,28,27,47,0.1590909090909091,0.1534090909090909,0.26704545454545453
NO,2018,152,25,30,59,0.16447368421052633,0.19736842105263158,0.3881578947368421
KC,2018,160,29,27,66,0.18125,0.16875,0.4125
PIT,2018,168,33,23,50,0.19642857142857142,0.13690476190476192,0.2976190476190476
BAL,2018,166,33,38,37,0.19879518072289157,0.2289156626506024,0.22289156626506024
DET,2018,165,33,32,33,0.2,0.19393939393939394,0.2
ATL,2018,162,33,25,47,0.2037037037037037,0.15432098765432098,0.29012345679012347
IND,2018,170,35,26,52,0.20588235294117646,0.15294117647058825,0.3058823529411765
SF,2018,170,35,33,33,0.20588235294117646,0.19411764705882353,0.19411764705882353
CAR,2018,159,33,19,45,0.20754716981132076,0.11949685534591195,0.2830188679245283
NE,2018,168,35,31,47,0.20833333333333334,0.18452380952380953,0.27976190476190477
CHI,2018,170,37,30,44,0.21764705882352942,0.17647058823529413,0.25882352941176473
GB,2018,170,37,35,39,0.21764705882352942,0.20588235294117646,0.22941176470588234
DAL,2018,159,35,36,35,0.22012578616352202,0.22641509433962265,0.22012578616352202
LAC,2018,163,36,29,48,0.22085889570552147,0.17791411042944785,0.294478527607362
TEN,2018,160,36,30,31,0.225,0.1875,0.19375
PHI,2018,166,39,31,40,0.23493975903614459,0.18674698795180722,0.24096385542168675
DEN,2018,177,42,24,37,0.23728813559322035,0.13559322033898305,0.20903954802259886
CLE,2018,191,46,23,44,0.24083769633507854,0.12041884816753927,0.23036649214659685
HOU,2018,171,42,38,37,0.24561403508771928,0.2222222222222222,0.21637426900584794
JAX,2018,176,44,26,22,0.25,0.14772727272727273,0.125
NYG,2018,170,43,33,35,0.2529411764705882,0.19411764705882353,0.20588235294117646
WAS,2018,161,42,26,28,0.2608695652173913,0.16149068322981366,0.17391304347826086
LV,2018,164,43,30,27,0.2621951219512195,0.18292682926829268,0.16463414634146342
CIN,2018,160,42,22,40,0.2625,0.1375,0.25
MIN,2018,179,47,30,39,0.26256983240223464,0.16759776536312848,0.21787709497206703
MIA,2018,173,48,19,33,0.2774566473988439,0.10982658959537572,0.1907514450867052
BUF,2018,188,53,28,28,0.28191489361702127,0.14893617021276595,0.14893617021276595
ARI,2018,180,57,17,24,0.31666666666666665,0.09444444444444444,0.13333333333333333
SEA,2018,166,53,22,49,0.3192771084337349,0.13253012048192772,0.29518072289156627
NYJ,2018,189,64,34,29,0.3386243386243386,0.17989417989417988,0.15343915343915343
LAC,2017,167,31,28,38,0.18562874251497005,0.16766467065868262,0.2275449101796407
ATL,2017,153,30,37,33,0.19607843137254902,0.24183006535947713,0.21568627450980393
NE,2017,164,33,40,48,0.20121951219512196,0.24390243902439024,0.2926829268292683
PIT,2017,164,33,35,41,0.20121951219512196,0.21341463414634146,0.25
NO,2017,163,33,34,46,0.20245398773006135,0.2085889570552147,0.2822085889570552
TB,2017,169,37,32,34,0.21893491124260356,0.1893491124260355,0.20118343195266272
DAL,2017,163,37,28,40,0.22699386503067484,0.17177914110429449,0.24539877300613497
SF,2017,176,41,38,29,0.23295454545454544,0.2159090909090909,0.16477272727272727
PHI,2017,180,44,34,47,0.24444444444444444,0.18888888888888888,0.2611111111111111
GB,2017,167,41,19,37,0.24550898203592814,0.11377245508982035,0.2215568862275449
MIN,2017,173,44,38,40,0.2543352601156069,0.21965317919075145,0.23121387283236994
DET,2017,179,46,35,39,0.2569832402234637,0.19553072625698323,0.21787709497206703
MIA,2017,181,47,23,28,0.2596685082872928,0.1270718232044199,0.15469613259668508
KC,2017,169,44,44,38,0.2603550295857988,0.2603550295857988,0.22485207100591717
DEN,2017,184,48,32,27,0.2608695652173913,0.17391304347826086,0.14673913043478262
WAS,2017,184,49,28,37,0.266304347826087,0.15217391304347827,0.20108695652173914
LV,2017,172,46,21,36,0.26744186046511625,0.12209302325581395,0.20930232558139536
BUF,2017,171,46,33,27,0.26900584795321636,0.19298245614035087,0.15789473684210525
ARI,2017,192,53,38,27,0.2760416666666667,0.19791666666666666,0.140625
JAX,2017,186,52,34,39,0.27956989247311825,0.1827956989247312,0.20967741935483872
LA,2017,174,49,43,45,0.28160919540229884,0.2471264367816092,0.25862068965517243
HOU,2017,188,53,25,35,0.28191489361702127,0.13297872340425532,0.18617021276595744
CAR,2017,168,48,29,37,0.2857142857142857,0.17261904761904762,0.22023809523809523
TEN,2017,181,52,41,32,0.287292817679558,0.2265193370165746,0.17679558011049723
BAL,2017,180,52,36,34,0.28888888888888886,0.2,0.18888888888888888
CIN,2017,172,50,19,31,0.29069767441860467,0.11046511627906977,0.18023255813953487
NYG,2017,189,58,24,26,0.30687830687830686,0.12698412698412698,0.13756613756613756
SEA,2017,182,56,25,38,0.3076923076923077,0.13736263736263737,0.2087912087912088
IND,2017,170,53,32,24,0.31176470588235294,0.18823529411764706,0.1411764705882353
CLE,2017,182,57,19,26,0.3131868131868132,0.1043956043956044,0.14285714285714285
CHI,2017,170,55,22,26,0.3235294117647059,0.12941176470588237,0.15294117647058825
NYJ,2017,184,60,29,31,0.32608695652173914,0.15760869565217392,0.16847826086956522
WAS,2016,161,26,41,42,0.16149068322981366,0.2546583850931677,0.2608695652173913
NO,2016,169,29,32,54,0.17159763313609466,0.1893491124260355,0.31952662721893493
ATL,2016,165,30,37,58,0.18181818181818182,0.22424242424242424,0.3515151515151515
TB,2016,173,34,31,37,0.19653179190751446,0.1791907514450867,0.2138728323699422
LAC,2016,176,35,30,43,0.19886363636363635,0.17045454545454544,0.24431818181818182
CAR,2016,185,37,35,37,0.2,0.1891891891891892,0.2
CHI,2016,166,34,23,29,0.20481927710843373,0.13855421686746988,0.1746987951807229
BAL,2016,179,38,33,29,0.2122905027932961,0.18435754189944134,0.16201117318435754
PHI,2016,169,37,40,32,0.21893491124260356,0.23668639053254437,0.1893491124260355
GB,2016,163,36,29,50,0.22085889570552147,0.17791411042944785,0.3067484662576687
DAL,2016,162,36,32,49,0.2222222222222222,0.19753086419753085,0.30246913580246915
KC,2016,165,37,34,34,0.22424242424242424,0.20606060606060606,0.20606060606060606
DET,2016,148,34,34,33,0.22972972972972974,0.22972972972972974,0.22297297297297297
NYJ,2016,178,41,31,26,0.2303370786516854,0.17415730337078653,0.14606741573033707
IND,2016,166,39,31,44,0.23493975903614459,0.18674698795180722,0.26506024096385544
PIT,2016,169,40,26,45,0.23668639053254437,0.15384615384615385,0.26627218934911245
CIN,2016,168,40,34,35,0.23809523809523808,0.20238095238095238,0.20833333333333334
SEA,2016,176,42,37,36,0.23863636363636365,0.21022727272727273,0.20454545454545456
MIN,2016,162,39,31,29,0.24074074074074073,0.19135802469135801,0.17901234567901234
HOU,2016,174,42,39,23,0.2413793103448276,0.22413793103448276,0.13218390804597702
CLE,2016,176,43,25,28,0.24431818181818182,0.14204545454545456,0.1590909090909091
ARI,2016,188,46,26,48,0.24468085106382978,0.13829787234042554,0.2553191489361702
BUF,2016,170,42,23,46,0.24705882352941178,0.13529411764705881,0.27058823529411763
JAX,2016,184,46,34,32,0.25,0.18478260869565216,0.17391304347826086
TEN,2016,171,43,22,44,0.25146198830409355,0.1286549707602339,0.2573099415204678
LV,2016,183,49,34,46,0.2677595628415301,0.18579234972677597,0.25136612021857924
NE,2016,168,45,32,51,0.26785714285714285,0.19047619047619047,0.30357142857142855
MIA,2016,180,56,19,41,0.3111111111111111,0.10555555555555556,0.22777777777777777
NYG,2016,182,57,21,32,0.3131868131868132,0.11538461538461539,0.17582417582417584
SF,2016,190,60,21,36,0.3157894736842105,0.11052631578947368,0.18947368421052632
DEN,2016,187,62,33,31,0.3315508021390374,0.17647058823529413,0.1657754010695187
LA,2016,185,62,22,22,0.33513513513513515,0.11891891891891893,0.11891891891891893
MIN,2015,165,27,39,32,0.16363636363636364,0.23636363636363636,0.19393939393939394
ARI,2015,165,28,27,51,0.1696969696969697,0.16363636363636364,0.3090909090909091
TB,2015,167,30,39,33,0.17964071856287425,0.23353293413173654,0.19760479041916168
PIT,2015,176,35,41,41,0.19886363636363635,0.23295454545454544,0.23295454545454544
ATL,2015,164,34,31,34,0.2073170731707317,0.18902439024390244,0.2073170731707317
BAL,2015,179,38,36,29,0.2122905027932961,0.2011173184357542,0.16201117318435754
LAC,2015,173,37,32,33,0.2138728323699422,0.18497109826589594,0.1907514450867052
NO,2015,168,36,24,48,0.21428571428571427,0.14285714285714285,0.2857142857142857
CIN,2015,170,38,28,49,0.2235294117647059,0.16470588235294117,0.28823529411764703
NE,2015,177,40,35,50,0.22598870056497175,0.1977401129943503,0.2824858757062147
SEA,2015,159,36,30,44,0.22641509433962265,0.18867924528301888,0.27672955974842767
NYG,2015,179,41,32,41,0.22905027932960895,0.1787709497206704,0.22905027932960895
CLE,2015,173,40,32,25,0.23121387283236994,0.18497109826589594,0.14450867052023122
PHI,2015,193,46,25,38,0.23834196891191708,0.12953367875647667,0.19689119170984457
CAR,2015,183,46,35,53,0.25136612021857924,0.1912568306010929,0.2896174863387978
DAL,2015,163,41,32,24,0.25153374233128833,0.19631901840490798,0.147239263803681
DET,2015,173,44,23,40,0.2543352601156069,0.1329479768786127,0.23121387283236994
SF,2015,176,45,27,23,0.2556818181818182,0.1534090909090909,0.13068181818181818
MIA,2015,179,46,16,35,0.2569832402234637,0.0893854748603352,0.19553072625698323
KC,2015,172,45,37,39,0.2616279069767442,0.21511627906976744,0.22674418604651161
WAS,2015,171,46,30,39,0.26900584795321636,0.17543859649122806,0.22807017543859648
IND,2015,182,49,25,32,0.2692307692307692,0.13736263736263737,0.17582417582417584
CHI,2015,174,47,38,34,0.27011494252873564,0.21839080459770116,0.19540229885057472
GB,2015,179,49,27,39,0.2737430167597765,0.15083798882681565,0.21787709497206703
LV,2015,184,51,26,41,0.27717391304347827,0.14130434782608695,0.22282608695652173
DEN,2015,190,53,35,32,0.2789473684210526,0.18421052631578946,0.16842105263157894
NYJ,2015,190,53,33,44,0.2789473684210526,0.1736842105263158,0.23157894736842105
JAX,2015,186,53,29,40,0.2849462365591398,0.15591397849462366,0.21505376344086022
HOU,2015,192,55,26,36,0.2864583333333333,0.13541666666666666,0.1875
TEN,2015,185,54,16,35,0.2918918918918919,0.08648648648648649,0.1891891891891892
LA,2015,185,55,30,27,0.2972972972972973,0.16216216216216217,0.14594594594594595
BUF,2015,176,53,27,42,0.30113636363636365,0.1534090909090909,0.23863636363636365
MIA,2014,170,27,37,39,0.1588235294117647,0.21764705882352942,0.22941176470588234
GB,2014,159,26,33,52,0.16352201257861634,0.20754716981132076,0.3270440251572327
NO,2014,161,28,21,46,0.17391304347826086,0.13043478260869565,0.2857142857142857
DAL,2014,170,31,29,53,0.18235294117647058,0.17058823529411765,0.31176470588235294
PIT,2014,158,30,27,41,0.189873417721519,0.17088607594936708,0.25949367088607594
BAL,2014,166,33,30,42,0.19879518072289157,0.18072289156626506,0.25301204819277107
CHI,2014,172,35,16,38,0.20348837209302326,0.09302325581395349,0.22093023255813954
PHI,2014,194,40,36,43,0.20618556701030927,0.18556701030927836,0.22164948453608246
CAR,2014,169,36,33,33,0.21301775147928995,0.1952662721893491,0.1952662721893491
SEA,2014,164,35,37,40,0.21341463414634146,0.22560975609756098,0.24390243902439024
DEN,2014,182,39,29,53,0.21428571428571427,0.15934065934065933,0.29120879120879123
SF,2014,169,37,31,30,0.21893491124260356,0.1834319526627219,0.17751479289940827
WAS,2014,186,41,26,33,0.22043010752688172,0.13978494623655913,0.1774193548387097
MIN,2014,166,37,32,28,0.22289156626506024,0.1927710843373494,0.1686746987951807
NYG,2014,187,42,24,43,0.22459893048128343,0.12834224598930483,0.22994652406417113
IND,2014,193,44,31,51,0.22797927461139897,0.16062176165803108,0.26424870466321243
CIN,2014,182,42,33,39,0.23076923076923078,0.1813186813186813,0.21428571428571427
LAC,2014,172,41,25,37,0.23837209302325582,0.14534883720930233,0.21511627906976744
KC,2014,167,40,30,36,0.23952095808383234,0.17964071856287425,0.2155688622754491
ATL,2014,167,41,29,39,0.24550898203592814,0.17365269461077845,0.23353293413173654
NE,2014,171,44,37,47,0.2573099415204678,0.21637426900584794,0.27485380116959063
LA,2014,176,46,30,31,0.26136363636363635,0.17045454545454544,0.17613636363636365
DET,2014,168,45,37,33,0.26785714285714285,0.22023809523809523,0.19642857142857142
HOU,2014,182,50,35,34,0.27472527472527475,0.19230769230769232,0.18681318681318682
ARI,2014,171,47,32,27,0.27485380116959063,0.1871345029239766,0.15789473684210525
TB,2014,175,50,23,27,0.2857142857142857,0.13142857142857142,0.15428571428571428
JAX,2014,191,55,25,24,0.2879581151832461,0.13089005235602094,0.1256544502617801
NYJ,2014,181,53,37,27,0.292817679558011,0.20441988950276244,0.14917127071823205
TEN,2014,177,53,22,26,0.2994350282485876,0.12429378531073447,0.14689265536723164
CLE,2014,187,57,31,29,0.3048128342245989,0.1657754010695187,0.15508021390374332
BUF,2014,186,57,36,29,0.3064516129032258,0.1935483870967742,0.15591397849462366
LV,2014,189,74,19,25,0.3915343915343915,0.10052910052910052,0.13227513227513227
LAC,2013,162,25,37,41,0.15432098765432098,0.22839506172839505,0.25308641975308643
DEN,2013,187,31,24,71,0.1657754010695187,0.12834224598930483,0.37967914438502676
DET,2013,185,38,22,43,0.20540540540540542,0.11891891891891893,0.23243243243243245
PHI,2013,189,40,28,51,0.21164021164021163,0.14814814814814814,0.2698412698412698
HOU,2013,197,43,33,26,0.2182741116751269,0.16751269035532995,0.1319796954314721
NE,2013,186,41,39,42,0.22043010752688172,0.20967741935483872,0.22580645161290322
ATL,2013,173,39,27,37,0.2254335260115607,0.15606936416184972,0.2138728323699422
GB,2013,175,40,36,42,0.22857142857142856,0.2057142857142857,0.24
CHI,2013,172,40,27,44,0.23255813953488372,0.1569767441860465,0.2558139534883721
CAR,2013,158,37,26,37,0.23417721518987342,0.16455696202531644,0.23417721518987342
KC,2013,184,44,26,41,0.2391304347826087,0.14130434782608695,0.22282608695652173
ARI,2013,188,45,35,36,0.2393617021276596,0.18617021276595744,0.19148936170212766
NO,2013,167,41,31,49,0.24550898203592814,0.18562874251497005,0.2934131736526946
DAL,2013,174,44,28,45,0.25287356321839083,0.16091954022988506,0.25862068965517243
CLE,2013,189,48,25,30,0.25396825396825395,0.13227513227513227,0.15873015873015872
MIN,2013,189,48,30,41,0.25396825396825395,0.15873015873015872,0.21693121693121692
WAS,2013,193,50,24,33,0.25906735751295334,0.12435233160621761,0.17098445595854922
IND,2013,177,48,40,38,0.2711864406779661,0.22598870056497175,0.21468926553672316
LV,2013,188,51,29,33,0.2712765957446808,0.15425531914893617,0.17553191489361702
CIN,2013,186,51,22,46,0.27419354838709675,0.11827956989247312,0.24731182795698925
TEN,2013,175,48,28,36,0.2742857142857143,0.16,0.2057142857142857
TB,2013,181,50,29,28,0.27624309392265195,0.16022099447513813,0.15469613259668508
PIT,2013,179,51,30,37,0.2849162011173184,0.16759776536312848,0.20670391061452514
BUF,2013,203,58,36,31,0.2857142857142857,0.17733990147783252,0.15270935960591134
SEA,2013,170,49,34,40,0.28823529411764703,0.2,0.23529411764705882
BAL,2013,201,59,41,26,0.2935323383084577,0.20398009950248755,0.12935323383084577
SF,2013,180,53,35,39,0.29444444444444445,0.19444444444444445,0.21666666666666667
MIA,2013,182,55,32,32,0.3021978021978022,0.17582417582417584,0.17582417582417584
NYG,2013,198,62,26,29,0.31313131313131315,0.13131313131313133,0.14646464646464646
LA,2013,175,55,28,32,0.3142857142857143,0.16,0.18285714285714286
NYJ,2013,191,61,35,25,0.3193717277486911,0.18324607329842932,0.13089005235602094
JAX,2013,192,66,25,23,0.34375,0.13020833333333334,0.11979166666666667
NE,2012,179,24,33,59,0.1340782122905028,0.18435754189944134,0.329608938547486
DAL,2012,167,32,29,36,0.19161676646706588,0.17365269461077845,0.2155688622754491
GB,2012,175,37,30,49,0.21142857142857144,0.17142857142857143,0.28
SEA,2012,160,34,27,43,0.2125,0.16875,0.26875
DEN,2012,171,37,31,48,0.21637426900584794,0.18128654970760233,0.2807017543859649
MIA,2012,170,37,28,28,0.21764705882352942,0.16470588235294117,0.16470588235294117
IND,2012,164,36,31,31,0.21951219512195122,0.18902439024390244,0.18902439024390244
PHI,2012,177,39,31,27,0.22033898305084745,0.1751412429378531,0.15254237288135594
WAS,2012,171,38,29,46,0.2222222222222222,0.1695906432748538,0.26900584795321636
CAR,2012,167,38,21,40,0.2275449101796407,0.12574850299401197,0.23952095808383234
NYG,2012,168,39,39,44,0.23214285714285715,0.23214285714285715,0.2619047619047619
TB,2012,185,43,33,39,0.23243243243243245,0.1783783783783784,0.21081081081081082
DET,2012,189,46,35,36,0.24338624338624337,0.18518518518518517,0.19047619047619047
SF,2012,171,42,42,40,0.24561403508771928,0.24561403508771928,0.23391812865497075
MIN,2012,174,43,38,34,0.2471264367816092,0.21839080459770116,0.19540229885057472
ATL,2012,169,42,38,44,0.2485207100591716,0.22485207100591717,0.2603550295857988
NO,2012,175,44,22,51,0.25142857142857145,0.12571428571428572,0.2914285714285714
PIT,2012,176,46,27,34,0.26136363636363635,0.1534090909090909,0.19318181818181818
KC,2012,175,46,32,17,0.26285714285714284,0.18285714285714286,0.09714285714285714
BUF,2012,180,50,23,36,0.2777777777777778,0.12777777777777777,0.2
TEN,2012,183,51,31,27,0.2786885245901639,0.16939890710382513,0.14754098360655737
CHI,2012,185,53,33,32,0.2864864864864865,0.1783783783783784,0.17297297297297298
LV,2012,183,53,32,27,0.2896174863387978,0.17486338797814208,0.14754098360655737
CLE,2012,185,54,31,28,0.2918918918918919,0.16756756756756758,0.15135135135135136
BAL,2012,182,54,32,39,0.2967032967032967,0.17582417582417584,0.21428571428571427
HOU,2012,192,57,38,41,0.296875,0.19791666666666666,0.21354166666666666
LA,2012,168,50,28,26,0.2976190476190476,0.16666666666666666,0.15476190476190477
NYJ,2012,187,56,25,26,0.2994652406417112,0.13368983957219252,0.13903743315508021
CIN,2012,180,55,34,39,0.3055555555555556,0.18888888888888888,0.21666666666666667
LAC,2012,173,55,25,30,0.3179190751445087,0.14450867052023122,0.17341040462427745
JAX,2012,189,61,28,25,0.32275132275132273,0.14814814814814814,0.13227513227513227
ARI,2012,205,71,27,21,0.3463414634146341,0.13170731707317074,0.1024390243902439
NO,2011,167,25,32,61,0.1497005988023952,0.19161676646706588,0.3652694610778443
LAC,2011,165,26,35,42,0.15757575757575756,0.21212121212121213,0.2545454545454545
PHI,2011,181,31,26,41,0.1712707182320442,0.143646408839779,0.2265193370165746
NE,2011,169,30,33,57,0.17751479289940827,0.1952662721893491,0.33727810650887574
GB,2011,164,30,27,63,0.18292682926829268,0.16463414634146342,0.38414634146341464
DAL,2011,172,35,33,38,0.20348837209302326,0.19186046511627908,0.22093023255813954
PIT,2011,158,33,30,34,0.2088607594936709,0.189873417721519,0.21518987341772153
BAL,2011,176,37,38,36,0.21022727272727273,0.2159090909090909,0.20454545454545456
DET,2011,192,41,29,50,0.21354166666666666,0.15104166666666666,0.2604166666666667
WAS,2011,179,39,39,27,0.21787709497206703,0.21787709497206703,0.15083798882681565
ATL,2011,171,38,27,43,0.2222222222222222,0.15789473684210525,0.25146198830409355
CLE,2011,170,41,29,20,0.2411764705882353,0.17058823529411765,0.11764705882352941
BUF,2011,180,46,28,36,0.25555555555555554,0.15555555555555556,0.2
NYG,2011,190,49,24,46,0.2578947368421053,0.12631578947368421,0.24210526315789474
SEA,2011,189,49,29,30,0.25925925925925924,0.15343915343915343,0.15873015873015872
TB,2011,168,44,26,26,0.2619047619047619,0.15476190476190477,0.15476190476190477
MIN,2011,185,49,28,38,0.2648648648648649,0.15135135135135136,0.20540540540540542
CAR,2011,169,45,27,46,0.26627218934911245,0.15976331360946747,0.27218934911242604
ARI,2011,190,51,24,33,0.26842105263157895,0.12631578947368421,0.1736842105263158
HOU,2011,178,48,36,36,0.2696629213483146,0.20224719101123595,0.20224719101123595
LV,2011,186,51,32,36,0.27419354838709675,0.17204301075268819,0.1935483870967742
TEN,2011,176,49,32,30,0.2784090909090909,0.18181818181818182,0.17045454545454544
MIA,2011,188,53,39,31,0.28191489361702127,0.2074468085106383,0.16489361702127658
LA,2011,190,56,28,16,0.29473684210526313,0.14736842105263157,0.08421052631578947
KC,2011,180,54,29,17,0.3,0.16111111111111112,0.09444444444444444
CIN,2011,190,58,38,31,0.30526315789473685,0.2,0.1631578947368421
SF,2011,182,57,52,32,0.3131868131868132,0.2857142857142857,0.17582417582417584
CHI,2011,193,61,32,28,0.3160621761658031,0.16580310880829016,0.14507772020725387
JAX,2011,186,60,25,21,0.3225806451612903,0.13440860215053763,0.11290322580645161
NYJ,2011,194,65,25,40,0.33505154639175255,0.12886597938144329,0.20618556701030927
IND,2011,177,61,27,19,0.3446327683615819,0.15254237288135594,0.10734463276836158
DEN,2011,194,67,24,31,0.34536082474226804,0.12371134020618557,0.15979381443298968
JAX,2010,170,18,28,40,0.10588235294117647,0.16470588235294117,0.23529411764705882
HOU,2010,169,33,29,43,0.1952662721893491,0.17159763313609466,0.25443786982248523
ATL,2010,168,33,31,41,0.19642857142857142,0.18452380952380953,0.24404761904761904
IND,2010,170,35,28,46,0.20588235294117646,0.16470588235294117,0.27058823529411763
NO,2010,164,35,28,42,0.21341463414634146,0.17073170731707318,0.25609756097560976
CIN,2010,181,39,31,34,0.2154696132596685,0.1712707182320442,0.1878453038674033
LAC,2010,181,39,33,48,0.2154696132596685,0.18232044198895028,0.26519337016574585
MIN,2010,184,42,18,30,0.22826086956521738,0.09782608695652174,0.16304347826086957
NYG,2010,195,45,23,47,0.23076923076923078,0.11794871794871795,0.24102564102564103
PHI,2010,181,42,37,44,0.23204419889502761,0.20441988950276244,0.2430939226519337
DAL,2010,173,41,31,38,0.23699421965317918,0.1791907514450867,0.21965317919075145
MIA,2010,177,42,40,25,0.23728813559322035,0.22598870056497175,0.14124293785310735
NE,2010,155,37,25,56,0.23870967741935484,0.16129032258064516,0.36129032258064514
BUF,2010,179,45,20,30,0.25139664804469275,0.11173184357541899,0.16759776536312848
PIT,2010,166,42,33,36,0.25301204819277107,0.19879518072289157,0.21686746987951808
BAL,2010,174,45,29,36,0.25862068965517243,0.16666666666666666,0.20689655172413793
CLE,2010,168,44,27,26,0.2619047619047619,0.16071428571428573,0.15476190476190477
NYJ,2010,188,50,36,33,0.26595744680851063,0.19148936170212766,0.17553191489361702
KC,2010,184,49,23,40,0.266304347826087,0.125,0.21739130434782608
TB,2010,163,44,28,35,0.26993865030674846,0.17177914110429449,0.2147239263803681
LV,2010,191,52,37,37,0.27225130890052357,0.193717277486911,0.193717277486911
GB,2010,171,47,26,42,0.27485380116959063,0.15204678362573099,0.24561403508771928
DEN,2010,189,52,24,37,0.2751322751322751,0.12698412698412698,0.19576719576719576
WAS,2010,196,54,34,30,0.2755102040816326,0.17346938775510204,0.15306122448979592
TEN,2010,174,53,26,36,0.3045977011494253,0.14942528735632185,0.20689655172413793
SF,2010,183,56,26,29,0.30601092896174864,0.14207650273224043,0.15846994535519127
SEA,2010,183,57,30,27,0.3114754098360656,0.16393442622950818,0.14754098360655737
DET,2010,187,59,29,37,0.3155080213903743,0.15508021390374332,0.19786096256684493
ARI,2010,189,60,26,19,0.31746031746031744,0.13756613756613756,0.10052910052910052
CAR,2010,194,63,28,16,0.3247422680412371,0.14432989690721648,0.08247422680412371
LA,2010,191,63,37,27,0.3298429319371728,0.193717277486911,0.14136125654450263
CHI,2010,186,64,30,33,0.34408602150537637,0.16129032258064516,0.1774193548387097
LAC,2009,162,28,33,46,0.1728395061728395,0.2037037037037037,0.2839506172839506
DAL,2009,167,30,31,40,0.17964071856287425,0.18562874251497005,0.23952095808383234
PIT,2009,171,34,31,37,0.19883040935672514,0.18128654970760233,0.21637426900584794
NE,2009,169,34,31,47,0.20118343195266272,0.1834319526627219,0.2781065088757396
NYG,2009,174,39,30,42,0.22413793103448276,0.1724137931034483,0.2413793103448276
GB,2009,178,40,34,50,0.2247191011235955,0.19101123595505617,0.2808988764044944
DET,2009,186,42,27,24,0.22580645161290322,0.14516129032258066,0.12903225806451613
HOU,2009,172,39,28,42,0.22674418604651161,0.16279069767441862,0.2441860465116279
NO,2009,175,40,28,55,0.22857142857142856,0.16,0.3142857142857143
IND,2009,166,39,20,50,0.23493975903614459,0.12048192771084337,0.30120481927710846
WAS,2009,166,39,25,29,0.23493975903614459,0.15060240963855423,0.1746987951807229
MIA,2009,173,42,25,37,0.24277456647398843,0.14450867052023122,0.2138728323699422
ATL,2009,156,38,26,40,0.24358974358974358,0.16666666666666666,0.2564102564102564
DEN,2009,183,45,35,30,0.2459016393442623,0.1912568306010929,0.16393442622950818
TEN,2009,178,44,31,35,0.24719101123595505,0.17415730337078653,0.19662921348314608
BAL,2009,176,45,27,43,0.2556818181818182,0.1534090909090909,0.24431818181818182
CAR,2009,180,47,26,34,0.2611111111111111,0.14444444444444443,0.18888888888888888
JAX,2009,167,45,27,33,0.2694610778443114,0.16167664670658682,0.19760479041916168
ARI,2009,185,50,16,43,0.2702702702702703,0.08648648648648649,0.23243243243243245
PHI,2009,181,49,35,41,0.27071823204419887,0.19337016574585636,0.2265193370165746
CLE,2009,183,51,25,21,0.2786885245901639,0.1366120218579235,0.11475409836065574
SEA,2009,190,53,26,27,0.2789473684210526,0.1368421052631579,0.14210526315789473
LA,2009,178,50,23,16,0.2808988764044944,0.12921348314606743,0.0898876404494382
NYJ,2009,187,54,33,33,0.2887700534759358,0.17647058823529413,0.17647058823529413
MIN,2009,176,52,27,52,0.29545454545454547,0.1534090909090909,0.29545454545454547
BUF,2009,183,55,33,23,0.3005464480874317,0.18032786885245902,0.12568306010928962
KC,2009,196,60,28,26,0.30612244897959184,0.14285714285714285,0.1326530612244898
TB,2009,186,60,25,23,0.3225806451612903,0.13440860215053763,0.12365591397849462
CHI,2009,182,60,27,33,0.32967032967032966,0.14835164835164835,0.1813186813186813
LV,2009,188,62,26,16,0.32978723404255317,0.13829787234042554,0.0851063829787234
CIN,2009,168,57,26,29,0.3392857142857143,0.15476190476190477,0.17261904761904762
SF,2009,190,67,24,35,0.3526315789473684,0.12631578947368421,0.18421052631578946
IND,2008,140,20,23,40,0.14285714285714285,0.16428571428571428,0.2857142857142857
DEN,2008,158,25,31,40,0.15822784810126583,0.1962025316455696,0.25316455696202533
NO,2008,167,29,24,53,0.17365269461077845,0.1437125748502994,0.31736526946107785
HOU,2008,163,30,30,36,0.18404907975460122,0.18404907975460122,0.22085889570552147
NE,2008,163,31,40,41,0.1901840490797546,0.24539877300613497,0.25153374233128833
LAC,2008,167,32,32,47,0.19161676646706588,0.19161676646706588,0.281437125748503
BUF,2008,166,32,38,29,0.1927710843373494,0.2289156626506024,0.1746987951807229
MIN,2008,181,38,33,37,0.20994475138121546,0.18232044198895028,0.20441988950276244
GB,2008,169,37,31,38,0.21893491124260356,0.1834319526627219,0.22485207100591717
ARI,2008,168,38,25,45,0.2261904761904762,0.1488095238095238,0.26785714285714285
JAX,2008,163,38,25,31,0.2331288343558282,0.15337423312883436,0.1901840490797546
NYG,2008,165,39,39,42,0.23636363636363636,0.23636363636363636,0.2545454545454545
NYJ,2008,168,40,27,42,0.23809523809523808,0.16071428571428573,0.25
MIA,2008,164,40,25,38,0.24390243902439024,0.1524390243902439,0.23170731707317074
ATL,2008,161,40,31,39,0.2484472049689441,0.19254658385093168,0.2422360248447205
PIT,2008,174,44,29,33,0.25287356321839083,0.16666666666666666,0.1896551724137931
TB,2008,177,45,35,31,0.2542372881355932,0.1977401129943503,0.1751412429378531
BAL,2008,182,48,35,36,0.26373626373626374,0.19230769230769232,0.1978021978021978
SF,2008,174,47,32,31,0.27011494252873564,0.1839080459770115,0.1781609195402299
CAR,2008,181,50,29,45,0.27624309392265195,0.16022099447513813,0.24861878453038674
LA,2008,185,54,35,19,0.2918918918918919,0.1891891891891892,0.10270270270270271
SEA,2008,173,51,27,28,0.2947976878612717,0.15606936416184972,0.16184971098265896
KC,2008,169,50,20,31,0.2958579881656805,0.11834319526627218,0.1834319526627219
WAS,2008,167,50,33,26,0.2994011976047904,0.19760479041916168,0.15568862275449102
CHI,2008,194,60,27,35,0.30927835051546393,0.13917525773195877,0.18041237113402062
TEN,2008,181,56,33,37,0.30939226519337015,0.18232044198895028,0.20441988950276244
DET,2008,182,57,21,27,0.3131868131868132,0.11538461538461539,0.14835164835164835
CLE,2008,168,53,36,17,0.31547619047619047,0.21428571428571427,0.10119047619047619
LV,2008,184,59,29,21,0.32065217391304346,0.15760869565217392,0.11413043478260869
DAL,2008,180,58,21,41,0.32222222222222224,0.11666666666666667,0.22777777777777777
PHI,2008,189,61,38,38,0.32275132275132273,0.20105820105820105,0.20105820105820105
CIN,2008,176,65,22,17,0.3693181818181818,0.125,0.09659090909090909
IND,2007,156,28,28,51,0.1794871794871795,0.1794871794871795,0.3269230769230769
HOU,2007,162,30,25,36,0.18518518518518517,0.15432098765432098,0.2222222222222222
NE,2007,155,30,24,67,0.1935483870967742,0.15483870967741936,0.432258064516129
JAX,2007,156,31,23,46,0.1987179487179487,0.14743589743589744,0.2948717948717949
CIN,2007,162,34,33,34,0.20987654320987653,0.2037037037037037,0.20987654320987653
SEA,2007,191,41,32,39,0.21465968586387435,0.16753926701570682,0.20418848167539266
CLE,2007,176,38,27,42,0.2159090909090909,0.1534090909090909,0.23863636363636365
DEN,2007,168,37,30,31,0.22023809523809523,0.17857142857142858,0.18452380952380953
PHI,2007,174,39,31,35,0.22413793103448276,0.1781609195402299,0.20114942528735633
ARI,2007,189,43,29,39,0.2275132275132275,0.15343915343915343,0.20634920634920634
NYG,2007,179,41,26,38,0.22905027932960895,0.1452513966480447,0.2122905027932961
NYJ,2007,162,38,33,20,0.2345679012345679,0.2037037037037037,0.12345679012345678
LV,2007,190,45,32,28,0.23684210526315788,0.16842105263157894,0.14736842105263157
TEN,2007,180,43,38,26,0.2388888888888889,0.2111111111111111,0.14444444444444443
DET,2007,181,44,34,32,0.2430939226519337,0.1878453038674033,0.17679558011049723
MIN,2007,176,43,22,31,0.24431818181818182,0.125,0.17613636363636365
PIT,2007,162,40,24,42,0.24691358024691357,0.14814814814814814,0.25925925925925924
GB,2007,174,44,36,43,0.25287356321839083,0.20689655172413793,0.2471264367816092
WAS,2007,184,47,34,32,0.2554347826086957,0.18478260869565216,0.17391304347826086
NO,2007,171,44,22,41,0.2573099415204678,0.1286549707602339,0.23976608187134502
LA,2007,182,47,30,23,0.25824175824175827,0.16483516483516483,0.12637362637362637
MIA,2007,168,44,22,25,0.2619047619047619,0.13095238095238096,0.1488095238095238
DAL,2007,174,46,30,50,0.26436781609195403,0.1724137931034483,0.28735632183908044
BAL,2007,177,47,29,22,0.2655367231638418,0.1638418079096045,0.12429378531073447
LAC,2007,186,51,27,41,0.27419354838709675,0.14516129032258066,0.22043010752688172
ATL,2007,187,52,34,25,0.27807486631016043,0.18181818181818182,0.13368983957219252
BUF,2007,169,47,25,20,0.2781065088757396,0.14792899408284024,0.11834319526627218
TB,2007,169,48,28,33,0.28402366863905326,0.16568047337278108,0.1952662721893491
CHI,2007,193,60,32,25,0.31088082901554404,0.16580310880829016,0.12953367875647667
CAR,2007,183,57,28,26,0.3114754098360656,0.15300546448087432,0.14207650273224043
KC,2007,187,66,27,22,0.35294117647058826,0.1443850267379679,0.11764705882352941
SF,2007,192,69,19,22,0.359375,0.09895833333333333,0.11458333333333333
DAL,2006,170,26,28,47,0.15294117647058825,0.16470588235294117,0.27647058823529413
IND,2006,143,23,26,47,0.16083916083916083,0.18181818181818182,0.32867132867132864
NE,2006,172,38,26,45,0.22093023255813954,0.1511627906976744,0.2616279069767442
LAC,2006,184,41,28,56,0.22282608695652173,0.15217391304347827,0.30434782608695654
DET,2006,179,41,33,30,0.22905027932960895,0.18435754189944134,0.16759776536312848
MIA,2006,178,41,35,23,0.2303370786516854,0.19662921348314608,0.12921348314606743
PIT,2006,173,40,26,39,0.23121387283236994,0.15028901734104047,0.2254335260115607
DEN,2006,180,42,28,32,0.23333333333333334,0.15555555555555556,0.17777777777777778
JAX,2006,177,43,32,40,0.24293785310734464,0.1807909604519774,0.22598870056497175
ARI,2006,168,41,36,28,0.24404761904761904,0.21428571428571427,0.16666666666666666
ATL,2006,179,45,32,30,0.25139664804469275,0.1787709497206704,0.16759776536312848
BAL,2006,171,43,28,30,0.25146198830409355,0.16374269005847952,0.17543859649122806
LA,2006,170,43,33,37,0.2529411764705882,0.19411764705882353,0.21764705882352942
KC,2006,174,45,31,35,0.25862068965517243,0.1781609195402299,0.20114942528735633
PHI,2006,175,46,23,43,0.26285714285714284,0.13142857142857142,0.24571428571428572
CIN,2006,178,47,29,41,0.2640449438202247,0.16292134831460675,0.2303370786516854
CHI,2006,189,50,36,37,0.26455026455026454,0.19047619047619047,0.19576719576719576
SEA,2006,190,51,28,34,0.26842105263157895,0.14736842105263157,0.17894736842105263
NYJ,2006,165,45,25,32,0.2727272727272727,0.15151515151515152,0.19393939393939394
GB,2006,189,52,34,27,0.2751322751322751,0.17989417989417988,0.14285714285714285
NO,2006,177,50,24,47,0.2824858757062147,0.13559322033898305,0.2655367231638418
HOU,2006,162,46,25,27,0.2839506172839506,0.15432098765432098,0.16666666666666666
LV,2006,176,50,25,12,0.2840909090909091,0.14204545454545456,0.06818181818181818
NYG,2006,181,52,26,38,0.287292817679558,0.143646408839779,0.20994475138121546
TEN,2006,180,52,26,28,0.28888888888888886,0.14444444444444443,0.15555555555555556
CLE,2006,181,53,26,22,0.292817679558011,0.143646408839779,0.12154696132596685
WAS,2006,172,51,30,32,0.29651162790697677,0.1744186046511628,0.18604651162790697
MIN,2006,188,58,23,25,0.30851063829787234,0.12234042553191489,0.13297872340425532
CAR,2006,189,59,27,26,0.31216931216931215,0.14285714285714285,0.13756613756613756
SF,2006,178,58,34,27,0.3258426966292135,0.19101123595505617,0.15168539325842698
TB,2006,182,60,22,19,0.32967032967032966,0.12087912087912088,0.1043956043956044
BUF,2006,181,63,25,26,0.34806629834254144,0.13812154696132597,0.143646408839779
IND,2005,148,25,26,49,0.16891891891891891,0.17567567567567569,0.3310810810810811
KC,2005,173,31,31,43,0.1791907514450867,0.1791907514450867,0.24855491329479767
PIT,2005,169,36,29,41,0.21301775147928995,0.17159763313609466,0.24260355029585798
CIN,2005,171,38,32,47,0.2222222222222222,0.1871345029239766,0.27485380116959063
LA,2005,191,43,31,36,0.225130890052356,0.16230366492146597,0.18848167539267016
DEN,2005,176,40,31,43,0.22727272727272727,0.17613636363636365,0.24431818181818182
GB,2005,183,42,27,31,0.22950819672131148,0.14754098360655737,0.16939890710382513
NO,2005,171,40,30,23,0.23391812865497075,0.17543859649122806,0.13450292397660818
NYG,2005,191,46,42,41,0.24083769633507854,0.2198952879581152,0.21465968586387435
DAL,2005,185,45,27,36,0.24324324324324326,0.14594594594594595,0.1945945945945946
ARI,2005,187,46,44,23,0.24598930481283424,0.23529411764705882,0.12299465240641712
ATL,2005,180,45,26,36,0.25,0.14444444444444443,0.2
NE,2005,176,44,24,43,0.25,0.13636363636363635,0.24431818181818182
TEN,2005,181,46,25,27,0.2541436464088398,0.13812154696132597,0.14917127071823205
JAX,2005,180,47,30,39,0.2611111111111111,0.16666666666666666,0.21666666666666667
SEA,2005,176,46,25,54,0.26136363636363635,0.14204545454545456,0.3068181818181818
MIN,2005,183,48,32,28,0.26229508196721313,0.17486338797814208,0.15300546448087432
WAS,2005,182,48,21,40,0.26373626373626374,0.11538461538461539,0.21978021978021978
LAC,2005,174,46,24,48,0.26436781609195403,0.13793103448275862,0.27586206896551724
NYJ,2005,166,44,28,21,0.26506024096385544,0.1686746987951807,0.12650602409638553
LV,2005,178,48,30,32,0.2696629213483146,0.16853932584269662,0.1797752808988764
CLE,2005,168,46,25,19,0.27380952380952384,0.1488095238095238,0.1130952380952381
CAR,2005,180,50,34,42,0.2777777777777778,0.18888888888888888,0.23333333333333334
BUF,2005,169,47,34,23,0.2781065088757396,0.20118343195266272,0.13609467455621302
TB,2005,175,49,26,29,0.28,0.14857142857142858,0.1657142857142857
BAL,2005,183,53,32,22,0.2896174863387978,0.17486338797814208,0.12021857923497267
HOU,2005,167,49,32,24,0.2934131736526946,0.19161676646706588,0.1437125748502994
MIA,2005,192,58,29,32,0.3020833333333333,0.15104166666666666,0.16666666666666666
DET,2005,174,54,24,25,0.3103448275862069,0.13793103448275862,0.14367816091954022
PHI,2005,208,66,26,32,0.3173076923076923,0.125,0.15384615384615385
CHI,2005,187,62,31,22,0.3315508021390374,0.1657754010695187,0.11764705882352941
SF,2005,190,84,28,17,0.4421052631578947,0.14736842105263157,0.08947368421052632
LA,2004,170,26,23,33,0.15294117647058825,0.13529411764705881,0.19411764705882353
KC,2004,175,27,22,58,0.15428571428571428,0.12571428571428572,0.3314285714285714
MIN,2004,158,27,21,46,0.17088607594936708,0.13291139240506328,0.2911392405063291
LAC,2004,169,31,25,52,0.1834319526627219,0.14792899408284024,0.3076923076923077
GB,2004,171,33,24,45,0.19298245614035087,0.14035087719298245,0.2631578947368421
NE,2004,161,32,31,44,0.19875776397515527,0.19254658385093168,0.2732919254658385
PIT,2004,166,33,32,36,0.19879518072289157,0.1927710843373494,0.21686746987951808
IND,2004,163,33,25,61,0.20245398773006135,0.15337423312883436,0.37423312883435583
CAR,2004,176,36,25,39,0.20454545454545456,0.14204545454545456,0.2215909090909091
DEN,2004,180,39,34,40,0.21666666666666667,0.18888888888888888,0.2222222222222222
HOU,2004,169,39,23,32,0.23076923076923078,0.13609467455621302,0.1893491124260355
SEA,2004,182,43,25,39,0.23626373626373626,0.13736263736263737,0.21428571428571427
PHI,2004,181,44,32,42,0.2430939226519337,0.17679558011049723,0.23204419889502761
TEN,2004,193,47,25,38,0.24352331606217617,0.12953367875647667,0.19689119170984457
DAL,2004,182,45,24,31,0.24725274725274726,0.13186813186813187,0.17032967032967034
NYJ,2004,167,42,29,34,0.25149700598802394,0.17365269461077845,0.20359281437125748
LV,2004,177,45,28,34,0.2542372881355932,0.15819209039548024,0.192090395480226
NYG,2004,177,47,27,30,0.2655367231638418,0.15254237288135594,0.1694915254237288
BUF,2004,176,47,25,33,0.26704545454545453,0.14204545454545456,0.1875
TB,2004,183,50,23,33,0.273224043715847,0.12568306010928962,0.18032786885245902
BAL,2004,178,49,29,23,0.2752808988764045,0.16292134831460675,0.12921348314606743
JAX,2004,176,50,31,26,0.2840909090909091,0.17613636363636365,0.14772727272727273
ATL,2004,174,50,23,35,0.28735632183908044,0.13218390804597702,0.20114942528735633
NO,2004,184,53,27,36,0.28804347826086957,0.14673913043478262,0.1956521739130435
DET,2004,177,52,28,24,0.2937853107344633,0.15819209039548024,0.13559322033898305
SF,2004,198,59,21,26,0.29797979797979796,0.10606060606060606,0.13131313131313133
CIN,2004,190,57,29,37,0.3,0.15263157894736842,0.19473684210526315
MIA,2004,205,62,23,29,0.3024390243902439,0.11219512195121951,0.14146341463414633
CLE,2004,195,59,29,27,0.30256410256410254,0.14871794871794872,0.13846153846153847
ARI,2004,195,63,29,29,0.3230769230769231,0.14871794871794872,0.14871794871794872
WAS,2004,192,64,27,24,0.3333333333333333,0.140625,0.125
CHI,2004,202,83,23,19,0.41089108910891087,0.11386138613861387,0.09405940594059406
MIN,2003,175,33,25,46,0.18857142857142858,0.14285714285714285,0.26285714285714284
NO,2003,176,36,27,36,0.20454545454545456,0.1534090909090909,0.20454545454545456
SEA,2003,176,36,30,44,0.20454545454545456,0.17045454545454544,0.25
CLE,2003,175,37,28,25,0.21142857142857144,0.16,0.14285714285714285
IND,2003,170,36,37,45,0.21176470588235294,0.21764705882352942,0.2647058823529412
SF,2003,185,40,33,41,0.21621621621621623,0.1783783783783784,0.22162162162162163
DEN,2003,172,38,28,39,0.22093023255813954,0.16279069767441862,0.22674418604651161
LA,2003,188,43,41,42,0.22872340425531915,0.21808510638297873,0.22340425531914893
TB,2003,182,42,25,31,0.23076923076923078,0.13736263736263737,0.17032967032967034
GB,2003,190,45,26,50,0.23684210526315788,0.1368421052631579,0.2631578947368421
JAX,2003,183,45,33,30,0.2459016393442623,0.18032786885245902,0.16393442622950818
KC,2003,182,45,20,56,0.24725274725274726,0.10989010989010989,0.3076923076923077
PIT,2003,184,46,31,29,0.25,0.16847826086956522,0.15760869565217392
ATL,2003,190,48,27,31,0.25263157894736843,0.14210526315789473,0.1631578947368421
NYG,2003,186,48,25,22,0.25806451612903225,0.13440860215053763,0.11827956989247312
DAL,2003,198,52,29,28,0.26262626262626265,0.14646464646464646,0.1414141414141414
CIN,2003,169,45,25,37,0.26627218934911245,0.14792899408284024,0.21893491124260356
CHI,2003,176,47,35,24,0.26704545454545453,0.19886363636363635,0.13636363636363635
PHI,2003,175,47,28,40,0.26857142857142857,0.16,0.22857142857142856
MIA,2003,186,50,29,30,0.26881720430107525,0.15591397849462366,0.16129032258064516
WAS,2003,184,50,33,29,0.2717391304347826,0.1793478260869565,0.15760869565217392
LAC,2003,182,50,19,35,0.27472527472527475,0.1043956043956044,0.19230769230769232
TEN,2003,174,48,35,40,0.27586206896551724,0.20114942528735633,0.22988505747126436
NE,2003,189,53,33,32,0.2804232804232804,0.1746031746031746,0.1693121693121693
NYJ,2003,162,46,32,27,0.2839506172839506,0.19753086419753085,0.16666666666666666
CAR,2003,190,55,38,28,0.2894736842105263,0.2,0.14736842105263157
BAL,2003,205,61,39,34,0.2975609756097561,0.1902439024390244,0.16585365853658537
ARI,2003,181,54,25,22,0.2983425414364641,0.13812154696132597,0.12154696132596685
BUF,2003,178,58,24,24,0.3258426966292135,0.1348314606741573,0.1348314606741573
LV,2003,182,60,24,24,0.32967032967032966,0.13186813186813187,0.13186813186813187
HOU,2003,182,61,21,27,0.33516483516483514,0.11538461538461539,0.14835164835164835
DET,2003,181,61,23,21,0.3370165745856354,0.1270718232044199,0.11602209944751381
LV,2002,166,26,33,47,0.1566265060240964,0.19879518072289157,0.28313253012048195
MIN,2002,190,31,29,45,0.1631578947368421,0.15263157894736842,0.23684210526315788
SEA,2002,176,30,29,36,0.17045454545454544,0.16477272727272727,0.20454545454545456
BUF,2002,182,34,33,41,0.18681318681318682,0.1813186813186813,0.22527472527472528
DEN,2002,176,33,36,42,0.1875,0.20454545454545456,0.23863636363636365
LA,2002,187,36,25,35,0.1925133689839572,0.13368983957219252,0.18716577540106952
PIT,2002,190,37,40,41,0.19473684210526315,0.21052631578947367,0.21578947368421053
KC,2002,178,35,27,53,0.19662921348314608,0.15168539325842698,0.29775280898876405
NYG,2002,186,37,32,33,0.1989247311827957,0.17204301075268819,0.1774193548387097
ATL,2002,182,40,40,41,0.21978021978021978,0.21978021978021978,0.22527472527472528
WAS,2002,189,42,25,34,0.2222222222222222,0.13227513227513227,0.17989417989417988
IND,2002,175,40,30,39,0.22857142857142856,0.17142857142857143,0.22285714285714286
NE,2002,177,41,30,37,0.23163841807909605,0.1694915254237288,0.20903954802259886
LAC,2002,187,44,26,36,0.23529411764705882,0.13903743315508021,0.1925133689839572
SF,2002,163,40,34,39,0.24539877300613497,0.2085889570552147,0.2392638036809816
NO,2002,186,46,35,43,0.24731182795698925,0.1881720430107527,0.23118279569892472
TEN,2002,172,43,31,38,0.25,0.18023255813953487,0.22093023255813954
BAL,2002,177,45,25,29,0.2542372881355932,0.14124293785310735,0.1638418079096045
CLE,2002,184,47,28,37,0.2554347826086957,0.15217391304347827,0.20108695652173914
ARI,2002,186,48,21,28,0.25806451612903225,0.11290322580645161,0.15053763440860216
TB,2002,184,49,39,29,0.266304347826087,0.21195652173913043,0.15760869565217392
GB,2002,191,51,34,41,0.2670157068062827,0.17801047120418848,0.21465968586387435
MIA,2002,183,49,30,42,0.2677595628415301,0.16393442622950818,0.22950819672131148
PHI,2002,194,52,34,42,0.26804123711340205,0.17525773195876287,0.21649484536082475
CIN,2002,176,48,18,30,0.2727272727272727,0.10227272727272728,0.17045454545454544
NYJ,2002,163,45,31,37,0.27607361963190186,0.1901840490797546,0.22699386503067484
JAX,2002,172,49,25,37,0.28488372093023256,0.14534883720930233,0.21511627906976744
CHI,2002,196,56,28,30,0.2857142857142857,0.14285714285714285,0.15306122448979592
DET,2002,194,56,28,28,0.28865979381443296,0.14432989690721648,0.14432989690721648
CAR,2002,203,63,25,26,0.3103448275862069,0.12315270935960591,0.12807881773399016
DAL,2002,201,64,19,21,0.31840796019900497,0.0945273631840796,0.1044776119402985
HOU,2002,200,70,24,17,0.35,0.12,0.085
LA,2001,181,23,29,57,0.1270718232044199,0.16022099447513813,0.3149171270718232
PIT,2001,181,35,44,33,0.19337016574585636,0.2430939226519337,0.18232044198895028
KC,2001,188,38,35,32,0.20212765957446807,0.18617021276595744,0.1702127659574468
NYJ,2001,174,37,31,28,0.21264367816091953,0.1781609195402299,0.16091954022988506
DET,2001,187,40,30,26,0.21390374331550802,0.16042780748663102,0.13903743315508021
IND,2001,192,44,33,43,0.22916666666666666,0.171875,0.22395833333333334
ATL,2001,187,43,37,28,0.22994652406417113,0.19786096256684493,0.1497326203208556
MIN,2001,181,42,18,33,0.23204419889502761,0.09944751381215469,0.18232044198895028
SF,2001,181,42,25,48,0.23204419889502761,0.13812154696132597,0.26519337016574585
BUF,2001,183,43,29,26,0.23497267759562843,0.15846994535519127,0.14207650273224043
NO,2001,196,47,31,35,0.23979591836734693,0.15816326530612246,0.17857142857142858
LV,2001,184,45,32,41,0.24456521739130435,0.17391304347826086,0.22282608695652173
NE,2001,184,47,30,36,0.2554347826086957,0.16304347826086957,0.1956521739130435
MIA,2001,182,47,21,34,0.25824175824175827,0.11538461538461539,0.18681318681318682
JAX,2001,192,50,28,31,0.2604166666666667,0.14583333333333334,0.16145833333333334
BAL,2001,199,52,33,28,0.2613065326633166,0.1658291457286432,0.1407035175879397
TEN,2001,195,51,28,35,0.26153846153846155,0.14358974358974358,0.1794871794871795
LAC,2001,193,51,42,29,0.26424870466321243,0.21761658031088082,0.15025906735751296
DEN,2001,195,52,36,33,0.26666666666666666,0.18461538461538463,0.16923076923076924
GB,2001,193,52,31,43,0.2694300518134715,0.16062176165803108,0.22279792746113988
NYG,2001,196,55,30,30,0.28061224489795916,0.15306122448979592,0.15306122448979592
SEA,2001,187,53,32,30,0.28342245989304815,0.1711229946524064,0.16042780748663102
TB,2001,182,52,35,30,0.2857142857142857,0.19230769230769232,0.16483516483516483
CHI,2001,192,56,31,31,0.2916666666666667,0.16145833333333334,0.16145833333333334
DAL,2001,187,55,33,22,0.29411764705882354,0.17647058823529413,0.11764705882352941
CAR,2001,199,59,28,21,0.2964824120603015,0.1407035175879397,0.10552763819095477
ARI,2001,179,55,26,28,0.30726256983240224,0.1452513966480447,0.1564245810055866
PHI,2001,200,62,31,33,0.31,0.155,0.165
CIN,2001,195,61,28,23,0.3128205128205128,0.14358974358974358,0.11794871794871795
CLE,2001,196,65,25,26,0.33163265306122447,0.12755102040816327,0.1326530612244898
WAS,2001,192,65,33,23,0.3385416666666667,0.171875,0.11979166666666667
,2000,1,0,0,0,0,0,0
DEN,2000,195,29,33,49,0.14871794871794872,0.16923076923076924,0.2512820512820513
LA,2000,186,30,27,63,0.16129032258064516,0.14516129032258066,0.3387096774193548
CAR,2000,171,33,34,26,0.19298245614035087,0.19883040935672514,0.15204678362573099
NYG,2000,192,38,25,38,0.19791666666666666,0.13020833333333334,0.19791666666666666
IND,2000,178,38,27,47,0.21348314606741572,0.15168539325842698,0.2640449438202247
SF,2000,180,39,22,47,0.21666666666666667,0.12222222222222222,0.2611111111111111
WAS,2000,191,43,30,32,0.225130890052356,0.15706806282722513,0.16753926701570682
KC,2000,177,41,24,35,0.23163841807909605,0.13559322033898305,0.1977401129943503
DAL,2000,185,43,33,29,0.23243243243243245,0.1783783783783784,0.15675675675675677
LV,2000,189,45,37,51,0.23809523809523808,0.19576719576719576,0.2698412698412698
JAX,2000,196,48,32,39,0.24489795918367346,0.16326530612244897,0.1989795918367347
MIN,2000,173,43,22,47,0.24855491329479767,0.12716763005780346,0.27167630057803466
CIN,2000,189,47,21,19,0.24867724867724866,0.1111111111111111,0.10052910052910052
NO,2000,180,45,28,36,0.25,0.15555555555555556,0.2
LAC,2000,194,49,23,26,0.25257731958762886,0.11855670103092783,0.13402061855670103
GB,2000,196,50,38,34,0.25510204081632654,0.19387755102040816,0.17346938775510204
SEA,2000,180,46,26,31,0.25555555555555554,0.14444444444444443,0.17222222222222222
BAL,2000,194,50,39,28,0.25773195876288657,0.20103092783505155,0.14432989690721648
TEN,2000,194,51,34,32,0.26288659793814434,0.17525773195876287,0.16494845360824742
NYJ,2000,203,54,34,34,0.2660098522167488,0.16748768472906403,0.16748768472906403
NE,2000,195,52,33,27,0.26666666666666666,0.16923076923076924,0.13846153846153847
ARI,2000,176,47,23,22,0.26704545454545453,0.13068181818181818,0.125
ATL,2000,181,49,31,20,0.27071823204419887,0.1712707182320442,0.11049723756906077
PHI,2000,189,53,33,34,0.2804232804232804,0.1746031746031746,0.17989417989417988
DET,2000,202,58,30,28,0.2871287128712871,0.1485148514851485,0.13861386138613863
CHI,2000,194,56,27,18,0.28865979381443296,0.13917525773195877,0.09278350515463918
PIT,2000,189,55,30,31,0.291005291005291,0.15873015873015872,0.164021164021164
BUF,2000,187,58,33,30,0.31016042780748665,0.17647058823529413,0.16042780748663102
MIA,2000,181,57,29,30,0.3149171270718232,0.16022099447513813,0.16574585635359115
TB,2000,190,60,34,36,0.3157894736842105,0.17894736842105263,0.18947368421052632
CLE,2000,191,74,16,16,0.387434554973822,0.08376963350785341,0.08376963350785341
IND,1999,177,32,36,41,0.1807909604519774,0.2033898305084746,0.23163841807909605
LA,1999,165,30,24,52,0.18181818181818182,0.14545454545454545,0.3151515151515151
MIN,1999,177,33,28,44,0.1864406779661017,0.15819209039548024,0.24858757062146894
WAS,1999,189,42,32,49,0.2222222222222222,0.1693121693121693,0.25925925925925924
SF,1999,178,40,22,28,0.2247191011235955,0.12359550561797752,0.15730337078651685
CAR,1999,189,44,27,48,0.2328042328042328,0.14285714285714285,0.25396825396825395
ATL,1999,180,42,20,31,0.23333333333333334,0.1111111111111111,0.17222222222222222
SEA,1999,188,44,40,30,0.23404255319148937,0.2127659574468085,0.1595744680851064
NE,1999,197,47,32,28,0.23857868020304568,0.16243654822335024,0.14213197969543148
PIT,1999,193,47,29,33,0.24352331606217617,0.15025906735751296,0.17098445595854922
DET,1999,179,44,31,29,0.24581005586592178,0.17318435754189945,0.16201117318435754
BUF,1999,176,44,34,33,0.25,0.19318181818181818,0.1875
LV,1999,188,48,36,41,0.2553191489361702,0.19148936170212766,0.21808510638297873
CHI,1999,199,51,34,29,0.2562814070351759,0.1708542713567839,0.1457286432160804
NO,1999,199,51,28,25,0.2562814070351759,0.1407035175879397,0.12562814070351758
DEN,1999,191,51,35,29,0.2670157068062827,0.18324607329842932,0.1518324607329843
TEN,1999,189,51,24,42,0.2698412698412698,0.12698412698412698,0.2222222222222222
GB,1999,190,52,29,35,0.2736842105263158,0.15263157894736842,0.18421052631578946
NYJ,1999,180,50,33,28,0.2777777777777778,0.18333333333333332,0.15555555555555556
NYG,1999,193,56,30,28,0.29015544041450775,0.15544041450777202,0.14507772020725387
JAX,1999,178,52,37,36,0.29213483146067415,0.20786516853932585,0.20224719101123595
MIA,1999,200,62,46,27,0.31,0.23,0.135
DAL,1999,187,58,31,36,0.31016042780748665,0.1657754010695187,0.1925133689839572
BAL,1999,200,63,30,29,0.315,0.15,0.145
CIN,1999,188,60,27,28,0.3191489361702128,0.14361702127659576,0.14893617021276595
TB,1999,194,62,31,25,0.31958762886597936,0.15979381443298968,0.12886597938144329
LAC,1999,194,63,36,22,0.3247422680412371,0.18556701030927836,0.1134020618556701
ARI,1999,198,65,25,24,0.3282828282828283,0.12626262626262627,0.12121212121212122
KC,1999,202,69,27,36,0.3415841584158416,0.13366336633663367,0.1782178217821782
CLE,1999,183,68,12,28,0.37158469945355194,0.06557377049180328,0.15300546448087432
PHI,1999,199,75,30,23,0.3768844221105528,0.1507537688442211,0.11557788944723618
