player,season,position,team_name,player_game_count,qb_sack_rate,pass_rush_snaps,pressures,sacks,expected_sacks,sacks_over_expected,snaps_per_xsack
Maxx Crosby,2021,ED,LV,17,0.1633448400679423,583,100,10,15.957703077172935,-5.957703077172935,36.53407994750609
Rashan Gary,2021,ED,GB,16,0.19316653135710327,457,81,10,15.275147083916641,-5.275147083916641,29.917878858343695
Nick Bosa,2021,ED,SF,17,0.19334272589554352,518,75,16,14.555092361928548,1.4449076380714523,35.58891878659058
Aaron Donald,2021,DI,LA,16,0.18981341955213585,592,72,12,13.519820366020825,-1.5198203660208254,43.787564033606934
Shaquil Barrett,2021,ED,TB,15,0.1766483876883898,484,75,11,13.221987424893118,-2.2219874248931184,36.6056920526766
Myles Garrett,2021,ED,CLV,17,0.1762457987213486,532,78,18,13.167820701240132,4.832179298759868,40.40152217062743
Emmanuel Ogbah,2021,ED,MIA,17,0.1885764177009401,518,61,11,12.475514409708426,-1.4755144097084258,41.52133394971619
Kenny Clark,2021,DI,GB,16,0.18939735024356397,521,64,3,12.409661904974383,-9.409661904974383,41.98341614699095
Preston Smith,2021,ED,GB,16,0.18861841325695325,437,62,9,12.23238160110425,-3.232381601104249,35.7248501763999
T.J. Watt,2021,ED,PIT,15,0.19664186768798478,407,62,22,12.037878267255552,9.962121732744448,33.80994482284208
Trey Hendrickson,2021,ED,CIN,16,0.1593940589145172,445,75,16,12.005057536249906,3.9949424637500943,37.06771072577528
Cameron Heyward,2021,DI,PIT,17,0.19100229500230018,567,61,11,11.540150842659527,-0.5401508426595267,49.13280664443464
Javon Hargrave,2021,DI,PHI,16,0.1720812412097299,447,61,8,11.235824692834523,-3.235824692834523,39.78346158115723
Harold Landry III,2021,ED,TEN,17,0.17578641201300413,521,64,14,11.226219529732932,2.7737804702670683,46.40921181169833
Jonathan Allen,2021,DI,WAS,17,0.1644058453037121,482,67,10,11.056401015146568,-1.0564010151465677,43.59465610370776
Matthew Judon,2021,ED,NE,17,0.16778753164768875,412,62,14,10.998123614800194,3.0018763851998056,37.46093555864119
Micah Parsons,2021,LB,DAL,16,0.16104501997886156,303,67,14,10.947683312737027,3.052316687262973,27.67708850761843
Jeffery Simmons,2021,DI,TEN,17,0.1776679807272059,634,62,11,10.798210551751863,0.20178944824813705,58.71343191184044
Denico Autry,2021,ED,TEN,17,0.17926650263744082,497,61,11,10.676827607084334,0.3231723929156658,46.54940758528577
Yannick Ngakoue,2021,ED,LV,17,0.1628476863570476,542,62,10,10.416496498078445,-0.4164964980784447,52.03285001823636
Jadeveon Clowney,2021,ED,CLV,14,0.18154935236045636,415,53,11,10.148118258806567,0.8518817411934325,40.89428102987091
Joey Bosa,2021,ED,LAC,16,0.15545218910157776,456,68,10,9.954826305517111,0.045173694482889104,45.80692681169918
Josh Allen,2021,ED,JAX,16,0.19570046819248832,433,50,8,9.835673409267345,-1.8356734092673452,44.02342188304257
Leonard Floyd,2021,ED,LA,16,0.18915358294450826,467,50,12,9.602195317587682,2.3978046824123176,48.634711600234596
Charles Harris,2021,ED,DET,17,0.18272786018611473,442,52,8,9.596599758889445,-1.596599758889445,46.057980024703035
Dawuane Smoot,2021,ED,JAX,16,0.19937294674967407,417,49,7,9.58066000434779,-2.5806600043477896,43.525185092755784
John Franklin-Myers,2021,ED,NYJ,16,0.17910305500424983,429,53,6,9.575160718296518,-3.5751607182965177,44.80342551120352
Sam Hubbard,2021,ED,CIN,16,0.16218980893386026,526,55,9,9.414204168658086,-0.4142041686580864,55.873018109291415
Odafe Oweh,2021,ED,BLT,15,0.18080122600078874,417,49,5,9.358541264017333,-4.358541264017333,44.558226355567164
Brian Burns,2021,ED,CAR,17,0.18492768071815946,463,50,8,9.143032068567694,-1.1430320685676936,50.63965613679965
Cameron Jordan,2021,ED,NO,16,0.1749413541229371,539,51,13,8.972704364460501,4.027295635539499,60.071075353256475
Haason Reddick,2021,ED,CAR,16,0.1858622044582149,431,44,15,8.777220364982524,6.222779635017476,49.10438408491048
DeForest Buckner,2021,DI,IND,17,0.17698146688710867,540,49,9,8.71542955294585,0.2845704470541506,61.959080355078754
Chris Jones,2021,DI,KC,10,0.17282954991462623,299,50,8,8.60957957340007,-0.6095795734000706,34.72875736276165
Andrew Van Ginkel,2021,ED,MIA,17,0.18810901320320117,303,44,6,8.508549662185075,-2.508549662185075,35.611239521423535
Robert Quinn,2021,ED,CHI,16,0.18409460008151932,395,46,18,8.465905905582835,9.534094094417165,46.657735675932514
Chandler Jones,2021,ED,ARZ,14,0.18361157557085295,440,46,10,8.371550553772337,1.6284494462276626,52.558961111658085
D.J. Wonnum,2021,ED,MIN,17,0.19285936816935276,577,42,8,8.25814525307549,-0.2581452530754902,69.87041064518867
Marcus Davenport,2021,ED,NO,11,0.18313630406273843,289,42,9,8.158681801108457,0.8413181988915426,35.42238894042121
Markus Golden,2021,ED,ARZ,15,0.1891849412876948,356,42,11,8.126270831940499,2.8737291680595014,43.808532519090264
Dean Lowry,2021,DI,GB,17,0.19164907413146373,420,42,6,8.096933171609884,-2.0969331716098836,51.871491476876415
Christian Barmore,2021,DI,NE,17,0.17153621531391305,393,48,2,8.071654695364943,-6.071654695364943,48.68890144986948
Josh Sweat,2021,ED,PHI,16,0.17000769330193355,412,46,9,8.067345260430011,0.9326547395699887,51.070083986716504
Leonard Williams,2021,DI,NYG,17,NA,554,47,8,7.7800659984457425,0.21993400155425746,71.2076221603615
Devin White,2021,LB,TB,17,0.18120736880559085,163,42,4,7.772601547535029,-3.7726015475350287,20.971099445036284
Vita Vea,2021,DI,TB,16,0.18324053844041366,416,42,5,7.762832500864307,-2.762832500864307,53.58868685543362
Frank Clark,2021,ED,KC,14,0.1700113124148528,417,46,5,7.709148196911934,-2.7091481969119338,54.091579166559335
Daron Payne,2021,DI,WAS,17,0.16398816548824702,513,47,5,7.688938150131327,-2.688938150131327,66.71922572185575
Jerry Hughes,2021,ED,BUF,17,0.16594899736816077,338,45,3,7.678359621144275,-4.678359621144275,44.01981890366698
Justin Houston,2021,ED,BLT,15,0.17599110718184285,384,40,6,7.393840997668423,-1.3938409976684234,51.9351173660741
Christian Wilkins,2021,DI,MIA,17,0.1911252018796531,375,31,5,7.3192944433591665,-2.3192944433591665,51.23444655792464
Arden Key,2021,ED,SF,17,0.19262583087011306,256,36,8,7.227328861756921,0.7726711382430791,35.4211085307896
Ed Oliver,2021,DI,BUF,17,0.16598132082965059,394,40,5,7.1683376628097815,-2.1683376628097815,54.963928672629436
Jacob Martin,2021,ED,HST,17,0.18521350282561153,385,38,4,7.164790879460806,-3.1647908794608064,53.73499470915103
Jaelan Phillips,2021,ED,MIA,17,0.18336282117939293,394,39,10,7.093543647006551,2.906456352993449,55.54346594684964
Quinton Jefferson,2021,DI,LV,17,0.16330397751480066,444,46,6,7.079280368432993,-1.0792803684329932,62.71823926904027
Randy Gregory,2021,ED,DAL,12,0.16732696669249547,298,43,6,7.076030451048633,-1.0760304510486334,42.114007572683335
Samson Ebukam,2021,ED,SF,17,0.19485789994936897,353,34,6,7.051013951464317,-1.0510139514643173,50.063721676042185
Fletcher Cox,2021,DI,PHI,16,0.17224349386210208,458,41,4,7.040217364665729,-3.040217364665729,65.05480957145788
Arik Armstead,2021,DI,SF,12,0.20129108691412306,365,34,6,7.025172038856468,-1.0251720388564678,51.956022995760456
Alex Highsmith,2021,ED,PIT,16,0.19173967367674485,449,35,8,7.006395778930142,0.9936042210698579,64.08430442228902
Sheldon Richardson,2021,DI,MIN,17,0.19028082893098722,460,37,4,6.998405059071503,-2.9984050590715032,65.7292620414614
Roy Robertson-Harris,2021,DI,JAX,14,0.19541995999483414,322,35,3,6.8999400359884895,-3.8999400359884895,46.66707222389217
Azeez Ojulari,2021,ED,NYG,17,NA,430,42,10,6.824314471154968,3.1756855288450323,63.00999196586342
Ndamukong Suh,2021,DI,TB,17,0.18137703646840034,512,37,6,6.760947331418572,-0.7609473314185724,75.72903247163336
Al-Quadin Muhammad,2021,ED,IND,17,0.1772187586579647,453,37,7,6.7263467776821395,0.2736532223178605,67.34710757153398
Uchenna Nwosu,2021,ED,LAC,17,0.16365014376271764,400,39,5,6.644028335904662,-1.644028335904662,60.20443920119666
Greg Gaines,2021,DI,LA,16,0.19381511861730663,412,35,5,6.628793130749569,-1.6287931307495693,62.153093613499436
Dexter Lawrence,2021,DI,NYG,16,NA,424,43,3,6.623782637584436,-3.623782637584436,64.01176234167981
Grady Jarrett,2021,DI,ATL,17,0.1667547944031772,520,36,1,6.464591212166362,-5.464591212166362,80.43818749457195
Dre'Mont Jones,2021,DI,DEN,16,0.16189724366697125,417,40,5,6.458738188719542,-1.4587381887195416,64.56369461271987
Everson Griffen,2021,ED,MIN,9,0.19401313229412645,304,33,5,6.445330893401267,-1.445330893401267,47.16592600563539
Armon Watts,2021,DI,MIN,17,0.1929929035964148,408,33,5,6.424041154882818,-1.4240411548828176,63.511423753860186
Darrell Taylor,2021,ED,SEA,16,0.17586448444285566,316,35,7,6.373560164387135,0.6264398356128646,49.579825380119516
Rasheem Green,2021,ED,SEA,17,0.17999118163422004,502,34,8,6.371631772200093,1.628368227799907,78.78672496271106
Larry Ogunjobi,2021,DI,CIN,16,0.1632700247146878,487,40,8,6.321150888835186,1.6788491111648138,77.04293230211763
Jerome Baker,2021,LB,MIA,16,0.18828859010119747,155,31,6,6.292068938618204,-0.29206893861820404,24.634186546919718
Quinnen Williams,2021,DI,NYJ,15,0.1820350651943158,360,34,7,6.212068112632146,0.7879318873678542,57.95171486737975
Kwity Paye,2021,ED,IND,15,0.1726035736692065,396,39,5,6.1481441957400635,-1.1481441957400635,64.40967996072395
Tarell Basham,2021,ED,DAL,17,0.165211518482161,383,36,4,6.1014615297881605,-2.1014615297881605,62.771845422632296
Osa Odighizuwa,2021,DI,DAL,16,0.16510449058165422,390,37,3,6.055681454285281,-3.0556814542852813,64.40233076064757
Mario Addison,2021,ED,BUF,17,0.16809219830764666,314,35,7,6.041234522650745,0.9587654773492549,51.97613150469525
Poona Ford,2021,DI,SEA,17,0.1804034802305974,416,33,3,6.026534257246475,-3.0265342572464746,69.0280652598614
Carlos Dunlap,2021,ED,SEA,17,0.17378253785460704,299,35,10,5.945924249343423,4.054075750656577,50.28654713066972
Danielle Hunter,2021,ED,MIN,7,0.19561463228851417,236,31,6,5.925738490653006,0.07426150934699383,39.82625969273801
Dorance Armstrong,2021,ED,DAL,13,0.167319044623316,311,34,6,5.76862822100637,0.23137177899362982,53.912297358234724
Joe Tryon-Shoyinka,2021,ED,TB,17,0.1880802524958276,337,32,4,5.7591647773034165,-1.7591647773034165,58.5154294122822
Tyus Bowser,2021,DI,BLT,11,0.19655639662992316,225,28,6,5.673897531797543,0.3261024682024569,39.65528082575681
Matt Ioannidis,2021,DI,WAS,16,0.1662897118773519,373,33,4,5.618711391732266,-1.6187113917322664,66.38532823537729
Derek Barnett,2021,ED,PHI,16,0.1716922162126565,419,33,2,5.569314715867607,-3.5693147158676073,75.23367261078309
Shelby Harris,2021,DI,DEN,16,0.16718850513265007,351,32,7,5.561299404129471,1.4387005958705288,63.11474612198895
Bilal Nichols,2021,DI,CHI,17,0.18501014774570235,369,31,4,5.546764512498767,-1.5467645124987666,66.52526877038248
David Onyemata,2021,DI,NO,11,0.17439499462601213,276,32,3,5.484300863097431,-2.484300863097431,50.325466616381135
Maliek Collins,2021,DI,HST,15,0.1882823022397033,362,30,3,5.455447220046021,-2.455447220046021,66.35569649905737
Zach Sieler,2021,DI,MIA,17,0.19515197923258648,231,23,2,5.374494006413473,-3.3744940064134727,42.98079032637191
Chris Wormley,2021,DI,PIT,15,0.1941377533891818,413,27,8,5.328491012977035,2.671508987022965,77.50787211504677
Jonathan Greenard,2021,ED,HST,12,0.1893131685110107,214,27,8,5.282999586690328,2.7170004133096723,40.50729069507005
Calais Campbell,2021,DI,BLT,15,0.17157010932306677,417,31,1,5.258460353478345,-4.258460353478345,79.30077854902235
Gregory Rousseau,2021,ED,BUF,17,0.16852889149222292,261,30,4,5.162989250297803,-1.1629892502978034,50.55210990124479
Jerry Tillery,2021,DI,LAC,16,0.16657817232773323,475,31,5,5.131089101921774,-0.13108910192177436,92.57293930485356
William Gholston,2021,DI,TB,17,0.18334060578743358,290,28,5,5.100380937558873,-0.10038093755887267,56.858498129906124
Carl Granderson,2021,ED,NO,15,0.1863275365168134,263,28,3,4.987959948897775,-1.9879599488977746,52.72696707561114
Von Miller,2021,ED,DEN,7,0.17975080154232667,186,28,5,4.983358310859786,0.016641689140214133,37.32422763875254
Kingsley Keke,2021,DI,GB,12,0.20053268814892722,265,24,3,4.969978797726422,-1.969978797726422,53.32014698357013
Trevis Gipson,2021,ED,CHI,16,0.1790090259657672,227,27,10,4.8714123737841675,5.1285876262158325,46.59839541025427
Lorenzo Carter,2021,ED,NYG,14,NA,292,31,5,4.86829520979033,0.13170479020967019,59.979928787551074
Jonathan Garvin,2021,ED,GB,16,0.18851425568278837,219,25,2,4.86293149913375,-2.86293149913375,45.03456403591356
Solomon Thomas,2021,DI,LV,17,0.16139656421756463,371,30,4,4.861884973881488,-0.8618849738814882,76.30785219992812
Takkarist McKinley,2021,ED,CLV,11,0.18172016800209204,213,25,3,4.816628386754495,-1.8166283867544948,44.221804734976054
Jarran Reed,2021,DI,KC,17,0.16902290593380395,446,28,3,4.8058776323835115,-1.8058776323835115,92.80302873188282
B.J. Hill,2021,DI,CIN,16,0.16227733754361967,316,29,6,4.800751737859613,1.1992482621403866,65.82302465423608
Demarcus Lawrence,2021,ED,DAL,7,0.17845592476604383,185,27,3,4.800195155466198,-1.8001951554661977,38.54009972684802
Dante Fowler Jr.,2021,ED,ATL,14,0.15996312789975833,302,30,5,4.768665599045349,0.2313344009546512,63.330085477257654
Deatrich Wise Jr.,2021,ED,NE,16,0.17715504208382446,283,27,4,4.762770171358531,-0.7627701713585306,59.41920139288963
Malik Reed,2021,ED,DEN,14,0.16210194316314233,395,27,6,4.7595446396437255,1.2404553603562745,82.99113253606707
Ross Blacklock,2021,DI,HST,14,0.18205086509170723,268,25,2,4.754314542139019,-2.754314542139019,56.36985050623593
Morgan Fox,2021,DI,CAR,17,0.18216706717119255,330,26,3,4.7503641369554614,-1.7503641369554614,69.46835873754704
DaQuan Jones,2021,DI,CAR,17,0.18601783625588136,320,23,1,4.64481545743727,-3.6448154574372698,68.8940180578362
J.J. Watt,2021,DI,ARZ,7,0.1768504806358408,216,28,1,4.631888767289729,-3.6318887672897286,46.63324420167127
Montez Sweat,2021,ED,WAS,10,0.15856487175915507,300,27,5,4.4951339159821915,0.5048660840178085,66.7388348394621
Tershawn Wharton,2021,DI,KC,17,0.16512105840777633,324,28,3,4.467254803877439,-1.467254803877439,72.52776352017754
Malik Jackson,2021,DI,CLV,16,0.1732559603493373,411,26,1,4.365209577837811,-3.3652095778378106,94.15355498316711
Angelo Blackson,2021,DI,CHI,17,0.18397291787540665,312,25,3,4.337984546739404,-1.3379845467394036,71.92280116223817
Sheldon Rankins,2021,DI,NYJ,16,0.17586344607606927,405,24,4,4.315960033397451,-0.3159600333974506,93.8377549527934
Jason Pierre-Paul,2021,ED,TB,12,0.17531609900721756,388,24,3,4.307644878268482,-1.3076448782684817,90.0724203049816
Malik McDowell,2021,DI,CLV,15,0.17424105187576908,365,24,3,4.2556046985368825,-1.2556046985368825,85.76924452722089
Adam Butler,2021,DI,MIA,17,0.18346935255620225,415,24,2,4.250073925429615,-2.250073925429615,97.64536035877308
Derrick Brown,2021,DI,CAR,16,0.1903516944938933,335,23,3,4.246141430225106,-1.246141430225106,78.89515822892415
Anthony Nelson,2021,ED,TB,17,0.19517363220310774,200,21,5,4.219399171917378,0.7806008280826218,47.40011358278673
Dalvin Tomlinson,2021,DI,MIN,16,0.19438614769653953,353,21,4,4.2105717120109425,-0.2105717120109425,83.83659610713754
Terrell Lewis,2021,ED,LA,11,0.19322955133190461,205,21,3,4.151749997658681,-1.1517499976586807,49.37676886026538
Von Miller,2021,ED,LA,7,0.19042146310611477,195,21,3,4.147161056387867,-1.1471610563878674,47.02011746074866
Tyquan Lewis,2021,ED,IND,8,0.20341176713684475,192,20,3,4.119961974705115,-1.1199619747051148,46.602371861391354
Bud Dupree,2021,ED,TEN,11,0.17420722885179332,274,24,3,4.0630735340622985,-1.0630735340622985,67.4366333030779
Chauncey Golston,2021,ED,DAL,15,0.17129437109238294,242,23,2,4.039832304482194,-2.0398323044821938,59.90347661993321
Kerry Hyder,2021,DI,SEA,15,0.18158420081604404,329,23,2,4.005734046540703,-2.005734046540703,82.13226244616011
DeMarcus Walker,2021,ED,HST,8,0.1920835505199055,186,21,2,3.9955499301440076,-1.9955499301440076,46.551789678998254
Melvin Ingram III,2021,ED,KC,9,0.16471580236006853,224,24,2,3.9891120443089663,-1.9891120443089663,56.152847428682215
Khalil Mack,2021,ED,CHI,7,0.1854307241326598,174,22,6,3.9834692618775276,2.0165307381224724,43.68051780020228
D.J. Reader,2021,DI,CIN,15,0.15932600024609622,342,25,2,3.9419537385445254,-1.9419537385445254,86.75900903044985
Jonathon Cooper,2021,ED,DEN,16,0.16826310348591092,263,23,3,3.8875032186143024,-0.8875032186143024,67.65267710665617
Kemoko Turay,2021,ED,IND,13,0.1717446954037489,172,21,6,3.8556155213351193,2.1443844786648807,44.61025718156669
Harrison Phillips,2021,DI,BUF,14,0.17192420828960372,235,21,1,3.792697084603569,-2.792697084603569,61.96118349498068
A.J. Epenesa,2021,ED,BUF,14,0.16349704718927896,207,22,2,3.7720860777221947,-1.7720860777221947,54.8767964820672
Zach Allen,2021,DI,ARZ,14,0.18702365050992,354,20,3,3.7343821558532757,-0.7343821558532757,94.79479743259267
Julian Okwara,2021,ED,DET,13,0.17968814103521527,171,20,4,3.7293363573648763,0.27066364263512366,45.85266213982035
Grover Stewart,2021,DI,IND,17,0.1787032424586199,330,22,1,3.7200527309800364,-2.7200527309800364,88.70841997797771
Chase Young,2021,ED,WAS,9,0.15774328815894129,293,23,2,3.7010605478295826,-1.7010605478295826,79.16649733596613
Alex Okafor,2021,ED,KC,17,0.16605216188390381,271,22,2,3.6630987730769715,-1.6630987730769715,73.98107907758173
Michael Danna,2021,ED,KC,17,0.16770226696426488,329,22,3,3.6615154955491724,-0.6615154955491724,89.85350475777652
Kyle Van Noy,2021,LB,NE,16,0.16039872160568894,195,23,5,3.6293406935669528,1.3706593064330472,53.72876686546394
Austin Johnson,2021,DI,NYG,17,NA,327,21,3,3.607379023406773,-0.6073790234067729,90.64753048632646
Brandon Jones,2021,S,MIA,14,0.18004898283996865,93,17,5,3.555372576312558,1.4446274236874421,26.157596146071032
D.J. Jones,2021,DI,SF,17,0.1909341775436438,277,18,2,3.5347121083755115,-1.5347121083755115,78.36564662328443
Al Woods,2021,DI,SEA,16,0.179636061610568,302,18,2,3.448152106261734,-1.448152106261734,87.58314328755326
Taylor Stallworth,2021,DI,IND,16,0.16741423597720295,215,22,4,3.408860213756201,0.591139786243799,63.07093471664915
Dont'a Hightower,2021,LB,NE,15,0.1816328965443591,108,18,2,3.3545682377892643,-1.3545682377892643,32.19490329139181
Kentavius Street,2021,DI,SF,17,0.18574701097693933,187,18,3,3.3466443573395126,-0.3466443573395126,55.87686650656232
Demario Davis,2021,LB,NO,16,0.1856813482036437,125,18,3,3.3431191917118146,-0.3431191917118146,37.39023134738874
Jihad Ward,2021,ED,JAX,17,0.1951352943033144,236,17,3,3.314929252181524,-0.3149292521815239,71.19307292748121
Josh Uche,2021,ED,NE,12,0.17043494482257007,158,17,3,3.301964469362599,-0.3019644693625989,47.85030289272005
Alton Robinson,2021,ED,SEA,15,0.17516622750769328,168,18,1,3.2675339219216846,-2.2675339219216846,51.41492147117381
Melvin Ingram III,2021,ED,PIT,6,0.1816666958464335,140,18,1,3.2309862980507313,-2.2309862980507313,43.33042207095172
Milton Williams,2021,DI,PHI,17,0.16995857813774265,250,19,2,3.2114037224317316,-1.2114037224317316,77.84757744837376
Folorunso Fatukasi,2021,DI,NYJ,15,0.18004349746163592,282,16,0,3.185291838791926,-3.185291838791926,88.5319192940742
Bryce Huff,2021,ED,NYJ,9,0.18029188528582016,206,17,4,3.17179974827238,0.8282002517276199,64.9473536632331
Michael Pierce,2021,DI,MIN,8,0.19400621913078306,123,16,3,3.148030964326896,-0.148030964326896,39.07204261769374
Nathan Shepherd,2021,DI,NYJ,17,0.17116934820920135,237,19,0,3.134891382173775,-3.134891382173775,75.60070544953334
Tanoh Kpassagnon,2021,ED,NO,8,0.18390435957951806,154,16,4,3.123582745444658,0.8764172545553421,49.302359678029696
Romeo Okwara,2021,ED,DET,4,0.19631052129254947,90,16,1,3.1108268525695073,-2.1108268525695073,28.931214839444063
Shaq Lawson,2021,ED,NYJ,14,0.18531153271847664,285,17,2,3.1008325907194854,-1.1008325907194854,91.91079868451445
Kenny Willekes,2021,ED,MIN,6,0.18548558356942169,153,15,3,3.0836407361009415,-0.08364073610094147,49.616674928694295
K'Lavon Chaisson,2021,ED,JAX,15,0.2047331050603875,117,15,1,3.0544806899352093,-2.0544806899352093,38.30438358491694
Jevon Holland,2021,S,MIA,14,0.18547881420258333,64,16,3,3.0173816512631797,-0.017381651263179698,21.210442495137265
Kwon Alexander,2021,LB,NO,12,0.17991034476715825,84,16,3,3.0112240890279316,-0.011224089027931594,27.895632313142283
Clelin Ferrell,2021,ED,LV,16,0.16147177287512712,143,17,3,2.955631926363454,0.04436807363654616,48.382208462588956
Benson Mayowa,2021,ED,SEA,15,0.18521596403725699,149,15,1,2.9477143395546626,-1.9477143395546626,50.547638894517426
Adam Gotsis,2021,DI,JAX,16,0.19691192065944252,219,16,3,2.9379596602639033,0.062040339736096684,74.54152722448485
Malcom Brown,2021,DI,JAX,17,0.19948908819153735,317,14,3,2.928210505994682,0.07178949400531787,108.25724426267587
Arik Armstead,2021,ED,SF,5,0.17210928442131979,148,18,1,2.8590948508686127,-1.8590948508686127,51.76463451537349
Ogbonnia Okoronkwo,2021,ED,LA,12,0.19822106061144865,109,14,3,2.836851129568245,0.1631488704317552,38.42288333846735
Justin Jones,2021,DI,LAC,11,0.15244459449429656,275,18,2,2.823203859529642,-0.823203859529642,97.40706434349242
Austin Bryant,2021,ED,DET,14,0.19378121416556832,237,14,5,2.821035279019567,2.178964720980433,84.01171079376499
Ryan Kerrigan,2021,ED,PHI,16,0.17383852082102424,194,16,0,2.7950387325712076,-2.7950387325712076,69.40869825497403
Darius Philon,2021,DI,LV,11,0.166105163641398,155,17,2,2.7860726850017863,-0.7860726850017863,55.633868001509306
Cameron Sample,2021,ED,CIN,13,0.16857489804796114,213,16,3,2.770094620766407,0.229905379233593,76.89268027280198
Jordan Hicks,2021,LB,ARZ,16,0.18140096183293944,94,15,4,2.752828603993513,1.247171396006487,34.146695462127475
Jordan Phillips,2021,DI,ARZ,8,0.20332892226136143,135,14,2,2.7455122410440858,-0.7455122410440858,49.171152101168964
Damien Wilson,2021,LB,JAX,17,0.20918301508398654,67,13,3,2.7418907407966504,0.2581092592033496,24.4356928608079
Sebastian Joseph-Day,2021,DI,LA,7,0.1834099693853927,222,15,3,2.736407853076393,0.2635921469236071,81.12825716035627
Nick Williams,2021,DI,DET,17,0.18600013796763695,353,15,1,2.709277706989067,-1.709277706989067,130.293029426025
Charles Omenihu,2021,ED,HST,6,0.17360356857380752,122,16,0,2.7007284195926147,-2.7007284195926147,45.17299818631998
Efe Obada,2021,DI,BUF,9,0.1465812558601839,152,18,4,2.692857605026853,1.3071423949731469,56.445613654526774
Lawrence Guy,2021,DI,NE,17,0.16984858614327492,226,15,2,2.6781515637815843,-0.6781515637815843,84.38656088637684
Davon Godchaux,2021,DI,NE,17,0.1674987248643536,317,15,1,2.6763274662066,-1.6763274662066001,118.44589423480103
Matt Milano,2021,LB,BUF,15,0.16669388179243014,82,14,3,2.6669579405151698,0.33304205948483023,30.746641615263066
Linval Joseph,2021,DI,LAC,14,0.16476084867175753,244,16,1,2.6407790474263195,-1.6407790474263195,92.39697665649093
Taven Bryan,2021,DI,JAX,15,0.2002826257273626,176,14,2,2.611216356326563,-0.6112163563265631,67.401538587019
Marquis Haynes,2021,ED,CAR,17,0.2038255074997989,96,11,3,2.6074598554144135,0.3925401445855865,36.817441235252446
Akiem Hicks,2021,DI,CHI,8,0.19185966458519466,157,14,4,2.5878861093877115,1.4121138906122885,60.66727566969548
Star Lotulelei,2021,DI,BUF,11,0.1725297595985356,184,14,3,2.5877846636276063,0.4122153363723937,71.1032886878869
DeShawn Williams,2021,DI,DEN,15,0.174934343666963,203,14,1,2.5628442596891823,-1.5628442596891823,79.20887085999503
Casey Toohill,2021,ED,WAS,16,0.1691277550919893,197,15,1,2.5125356785924984,-1.5125356785924984,78.40684678768731
Shaq Thompson,2021,LB,CAR,14,0.1934751562339789,72,12,2,2.5013858623305842,-0.5013858623305842,28.78404371123948
Bobby Okereke,2021,LB,IND,17,0.18674248110873085,59,14,1,2.4992209730447787,-1.4992209730447787,23.60735630676179
L.J. Collier,2021,DI,SEA,10,0.1770518076235966,131,13,0,2.495463045383231,-2.495463045383231,52.49526745842161
A'Shawn Robinson,2021,DI,LA,16,0.18815630437228786,194,13,3,2.4819867218369294,0.5180132781630706,78.16319011425642
Carl Nassib,2021,ED,LV,13,0.17079004229422742,127,14,2,2.46212069207178,-0.46212069207177997,51.58154935659729
Stephen Weatherly,2021,ED,DEN,9,0.15594629808207447,162,16,4,2.4465493072442692,1.5534506927557308,66.21571023331333
Chris Jones,2021,ED,KC,4,0.16792149215140315,129,15,2,2.428023114896488,-0.4280231148964879,53.12964246862187
Sam Eguavoen,2021,LB,MIA,14,0.17041228691350607,91,15,1,2.4268630464927137,-1.4268630464927137,37.49696552984833
Anthony Barr,2021,LB,MIN,11,0.19900875830954526,83,12,2,2.4161979587517237,-0.4161979587517237,34.35148999251707
Myles Jack,2021,LB,JAX,15,0.20190343363383392,78,12,0,2.371915409426069,-2.371915409426069,32.88481523836199
Steve McLendon,2021,DI,TB,12,0.18252523910032217,163,13,1,2.3415815320106104,-1.3415815320106104,69.61107173579357
Justin Madubuike,2021,DI,BLT,15,0.18075795239339715,274,13,3,2.3404901144494503,0.6595098855505497,117.06949681539355
Foyesade Oluokun,2021,LB,ATL,17,0.17163163745461102,98,13,2,2.335519214816918,-0.33551921481691815,41.9606909582554
Darius Leonard,2021,LB,IND,16,0.18115363034518778,59,12,0,2.2704211446181133,-2.2704211446181133,25.98636827350542
Kyler Fackrell,2021,ED,LAC,13,0.1751732780447568,206,12,3,2.247260251152846,0.7527397488471541,91.66717557270987
Sheldon Day,2021,DI,CLV,7,0.19614483286693885,140,11,2,2.214174713614689,-0.21417471361468898,63.22897607815551
Boogie Basham,2021,ED,BUF,8,0.16672798726426782,103,11,3,2.2099496243583254,0.7900503756416746,46.60739722965712
Rakeem Nunez-Roches,2021,DI,TB,16,0.1839318665609791,250,12,0,2.2001890955513907,-2.2001890955513907,113.6265971436184
Deion Jones,2021,LB,ATL,16,0.17294684927620646,79,12,2,2.1960931423930794,-0.1960931423930794,35.97297331110183
Quincy Roche,2021,ED,NYG,13,NA,212,14,3,2.1950799590529266,0.8049200409470734,96.57962532329255
Mario Edwards Jr.,2021,DI,CHI,12,0.1766300187256811,138,12,2,2.1912998087838753,-0.1912998087838753,62.9763209246055
Jaleel Johnson,2021,DI,HST,12,0.18220876164355937,156,12,0,2.1761742536178854,-2.1761742536178854,71.68543591610383
Olasunkanmi Adeniyi,2021,ED,TEN,14,0.16539908546890086,169,14,3,2.1365138636007974,0.8634861363992026,79.10082067765008
Dennis Gardeck,2021,ED,ARZ,12,0.19480686616972073,92,11,0,2.1349205620495195,-2.1349205620495195,43.0929382738626
Hassan Ridgeway,2021,DI,PHI,17,0.17010724661347756,217,13,2,2.1345373801480494,-0.1345373801480494,101.66137263192321
Jordan Jenkins,2021,ED,HST,11,0.17611702952873656,152,12,3,2.1294111779232363,0.8705888220767637,71.38123513949145
Kamu Grugier-Hill,2021,LB,HST,13,0.19907412424157123,38,10,3,2.1141067671664557,0.8858932328335443,17.97449428295976
Troy Reeder,2021,LB,LA,15,0.20136596933722103,37,10,2,2.101383152923893,-0.10138315292389288,17.60745057297985
Isaiah Simmons,2021,LB,ARZ,16,0.18989764333132245,108,12,1,2.067168077769865,-1.0671680777698649,52.24538882997568
Jeremy Chinn,2021,S,CAR,16,0.17358303117322274,57,10,1,2.0348711088836455,-1.0348711088836455,28.011602185099026
Patrick Queen,2021,LB,BLT,16,0.18151795167780801,67,11,2,2.030242599222418,-0.030242599222417788,33.000982259785594
Davon Hamilton,2021,DI,JAX,16,0.20318367863321854,167,10,1,2.0284330861233606,-1.0284330861233606,82.3295582893306
Jermaine Carter,2021,LB,CAR,15,0.1817646783472264,45,10,0,2.0067173980536284,-2.0067173980536284,22.424682241578594
Adetokunbo Ogundeji,2021,ED,ATL,16,0.1700555651724408,256,10,1,1.9920363771785983,-0.9920363771785983,128.5117093908612
Steven Means,2021,ED,ATL,14,0.16882471939055022,309,11,0,1.9814827591515196,-1.9814827591515196,155.9438246802184
Eric Kendricks,2021,LB,MIN,14,0.19588050559468928,67,10,4,1.9729342888026984,2.0270657111973014,33.95956995641241
Broderick Washington Jr.,2021,DI,BLT,14,0.1923827058477982,166,9,1,1.91806533698635,-0.9180653369863501,86.54553982025344
Derrick Nnadi,2021,DI,KC,17,0.16330384460819336,231,12,4,1.9178867990879203,2.0821132009120795,120.44506490677944
Dayo Odeyingbo,2021,ED,IND,10,0.164818946134611,139,12,1,1.9177426104479873,-0.9177426104479873,72.48105102463641
Ben Niemann,2021,LB,KC,17,0.1653189491886609,79,11,1,1.904275553714386,-0.9042755537143861,41.48559269476862
James Smith-Williams,2021,ED,WAS,14,0.16834963492297791,235,11,3,1.9011618402108779,1.0988381597891221,123.60862448929318
Jordan Elliott,2021,DI,CLV,16,0.17937323347720643,255,10,1,1.8952273665510546,-0.8952273665510546,134.54850035436667
Chauncey Gardner-Johnson,2021,CB,NO,9,0.19568540113960387,28,10,2,1.8856504584965117,0.1143495415034883,14.848987453552382
Whitney Mercilus,2021,ED,GB,4,0.1704075841223614,80,10,1,1.8807771141661918,-0.8807771141661918,42.53560902960399
Josh Tupou,2021,DI,CIN,17,0.159472460135849,216,11,1,1.8497037831600154,-0.8497037831600154,116.77545451682418
Brandon Williams,2021,DI,BLT,13,0.18242159761883908,245,10,0,1.8371371645435903,-1.8371371645435903,133.359666729548
Bradley Chubb,2021,ED,DEN,7,0.1507324283771078,153,11,0,1.8311411559635566,-1.8311411559635566,83.55445428208431
Payton Turner,2021,ED,NO,5,0.18139674872995284,111,10,1,1.8128314369979501,-0.8128314369979501,61.23018264942275
Derwin James,2021,S,LAC,14,0.17017291147934077,26,10,3,1.811910128816621,1.188089871183379,14.349497575236192
Jayron Kearse,2021,S,DAL,16,0.16965299200590964,37,11,1,1.8026917127629436,-0.8026917127629436,20.524862758308775
Tyus Bowser,2021,LB,BLT,6,0.14864590188698915,105,12,2,1.797934637562627,0.20206536243737294,58.4003432640596
Kevin Givens,2021,DI,SF,13,0.19111095739689166,131,10,0,1.7936330678276395,-1.7936330678276395,73.03612001236172
Arthur Maulet,2021,CB,PIT,14,0.19486437331006912,36,9,0,1.7816986439725464,-1.7816986439725464,20.20543716626116
Devon Kennard,2021,ED,ARZ,14,0.1999839120866347,104,9,0,1.7697215645401378,-1.7697215645401378,58.76630656700191
Tremaine Edmunds,2021,LB,BUF,14,0.1713603523189336,64,10,0,1.7693068992813688,-1.7693068992813688,36.17235654594157
Chuck Clark,2021,S,BLT,14,0.17952829149799931,52,10,1,1.7532782704735346,-0.7532782704735346,29.65872609939754
Roquan Smith,2021,LB,CHI,17,0.18929157815407469,74,9,3,1.7450342137604573,1.2549657862395427,42.40604534654589
Charles Omenihu,2021,ED,SF,9,0.19038675193545238,74,9,0,1.7434783198410588,-1.7434783198410588,42.44388883869005
Ja'Whaun Bentley,2021,LB,NE,16,0.18466862820102606,59,9,1,1.7274811397537653,-0.7274811397537653,34.15377374737061
Alim McNeill,2021,DI,DET,17,0.1840025963670261,179,10,2,1.7198489984752288,0.28015100152477124,104.07890469378214
Shamar Stephen,2021,DI,DEN,17,0.1619391782941209,200,11,0,1.7183815461833372,-1.7183815461833372,116.38858694928143
McTelvin Agim,2021,DI,DEN,7,0.17144759915891114,61,10,2,1.712996958710041,0.2870030412899589,35.61010408677875
Jeremiah Owusu-Koramoah,2021,LB,CLV,13,0.182496976234061,54,9,2,1.7102892665014164,0.28971073349858356,31.573606323603318
Quincy Williams,2021,LB,NYJ,16,0.16491513430475882,52,9,2,1.6671915944052447,0.33280840559475533,31.190176446727182
Elandon Roberts,2021,LB,MIA,15,0.1791873356633399,47,10,1,1.6671661708659289,-0.6671661708659289,28.1915509211587
Kyzir White,2021,LB,LAC,16,0.16702889028671425,41,10,1,1.6543652242129898,-0.6543652242129898,24.782919394056055
Dee Ford,2021,ED,SF,6,0.1710217868771939,91,10,3,1.6272228244729523,1.3727771755270477,55.92350268899058
Tim Settle,2021,DI,WAS,16,0.16326135040644627,110,10,0,1.6173063467158446,-1.6173063467158446,68.01432531528094
Nate Hobbs,2021,CB,LV,13,0.19131270404529732,20,9,1,1.6172582590402746,-0.6172582590402746,12.366608665129679
Nick Bolton,2021,LB,KC,15,0.15737908896663164,42,10,0,1.6168420206710414,-1.6168420206710414,25.97656385907675
Kenny Young,2021,LB,LA,7,0.1772488388437819,32,9,2,1.6055120681653756,0.3944879318346244,19.931335699373793
Daniel Sorensen,2021,S,KC,17,0.16269908885922407,55,11,1,1.602031348108706,-0.6020313481087061,34.33141309309009
Bobby Wagner,2021,LB,SEA,14,0.18418189129021298,50,9,1,1.5978548631470302,-0.5978548631470302,31.29195345159402
Jordyn Brooks,2021,LB,SEA,16,0.18031866266015456,54,9,1,1.5901086830411086,-0.5901086830411086,33.95994284914168
Drue Tranquill,2021,LB,LAC,10,0.16178537756936204,32,9,2,1.5873813771620013,0.41261862283799866,20.158986655879243
Kevin Minter,2021,LB,TB,10,0.2056580314578439,33,8,1,1.5857818157786499,-0.5857818157786499,20.80992458839387
Alexander Johnson,2021,LB,DEN,6,0.18794502535058855,42,8,2,1.5788880963938172,0.4211119036061828,26.600998573570898
David Long,2021,LB,TEN,10,0.17325705447585535,51,9,0,1.5729055830324832,-1.5729055830324832,32.42406953739369
Roy Lopez,2021,DI,HST,16,0.18730345771155155,224,8,1,1.5727435381613113,-0.5727435381613113,142.42627266609378
Damion Square,2021,DI,LV,8,0.16766073087306652,100,9,2,1.5680181583095028,0.43198184169049725,63.774771656860835
Vernon Butler,2021,DI,BUF,10,0.16981190066233828,163,9,0,1.5638342187610392,-1.5638342187610392,104.23099715079653
Vonn Bell,2021,S,CIN,15,0.17385685204316506,28,9,1,1.562446761919905,-0.562446761919905,17.920610597697504
Corey Peters,2021,DI,ARZ,13,0.1814398114899894,154,8,0,1.5433247840167712,-1.5433247840167712,99.78457003663753
Jordan Poyer,2021,S,BUF,13,0.1724441094992209,32,9,3,1.538019359256358,1.461980640743642,20.80597998159932
Tyrann Mathieu,2021,S,KC,15,0.1661691702139651,40,9,1,1.5372342665741414,-0.5372342665741414,26.020757453672584
Ronald Blair III,2021,ED,NYJ,8,0.1552284840314931,170,9,1,1.5356920667618403,-0.5356920667618403,110.69927603289761
Raekwon Davis,2021,DI,MIA,14,0.19035293372198492,199,5,1,1.53030737846706,-0.53030737846706,130.03923447022933
Micah Hyde,2021,S,BUF,13,0.17455931284309797,34,9,1,1.528231095457086,-0.5282310954570859,22.247944110724156
Kenny Moore II,2021,CB,IND,16,0.18758194430618674,28,8,1,1.5082887424564193,-0.5082887424564193,18.564084721867527
DeMarcus Walker,2021,DI,HST,5,0.16220382376268255,83,9,0,1.5024509578000835,-1.5024509578000835,55.24306771485582
Trysten Hill,2021,DI,DAL,6,0.1684966940973276,98,9,1,1.4966995677040682,-0.4966995677040682,65.47740248921943
Jordan Willis,2021,ED,SF,10,0.2061480908783215,94,7,3,1.4653821271851803,1.5346178728148197,64.14709054802141
Michael Dogbe,2021,DI,ARZ,15,0.1980662115407724,139,7,1,1.4636814673911405,-0.46368146739114047,94.96601760474087
Fred Warner,2021,LB,SF,16,0.1902687022464588,38,7,2,1.4632013194545765,0.5367986805454235,25.970452250661513
Bravvion Roy,2021,DI,CAR,17,0.18065169776179457,147,9,0,1.4534452885010978,-1.4534452885010978,101.13899791274392
Tae Crowder,2021,LB,NYG,16,NA,54,10,0,1.4382285920718545,-1.4382285920718545,37.5461872317597
Eddie Goldman,2021,DI,CHI,14,0.17332953467025272,151,8,1,1.4311901659585333,-0.4311901659585333,105.50659415610812
Cole Holcomb,2021,LB,WAS,16,0.16211576398304803,60,9,1,1.4116719207374862,-0.41167192073748615,42.50279340305556
Johnathan Hankins,2021,DI,LV,14,0.16485321850066906,295,8,0,1.4067943953295197,-1.4067943953295197,209.69659886290694
Frankie Luvu,2021,ED,CAR,6,0.20014828002971088,37,7,1,1.3974590212461577,-0.39745902124615773,26.47662610314394
Lavonte David,2021,LB,TB,11,0.17166044664588218,59,8,0,1.3939400957273462,-1.3939400957273462,42.326065647185715
Chris Board,2021,LB,BLT,15,0.17882770245151602,59,8,0,1.3927971230432816,-1.3927971230432816,42.36079973448262
Nick Vigil,2021,LB,MIN,13,0.1946390875750858,34,7,1,1.381109365244878,-0.38110936524487804,24.61789113563184
Bryan Mone,2021,DI,SEA,14,0.1714344879166603,184,7,2,1.373843781888505,0.626156218111495,133.93080234134845
Justin Zimmer,2021,DI,BUF,6,0.1740077157808147,117,9,1,1.3690971796631184,-0.3690971796631184,85.45777592558416
Robert Nkemdiche,2021,DI,SEA,9,0.17283531332063273,120,8,0,1.3572592057468211,-1.3572592057468211,88.4134728958946
L'Jarius Sneed,2021,CB,KC,14,0.1702544304870935,54,8,1,1.35489087976755,-0.35489087976755007,39.85560815736278
Harrison Smith,2021,S,MIN,14,0.2022161587290725,42,7,3,1.3466926997489894,1.6533073002510106,31.187515910517966
Rudy Ford,2021,CB,JAX,9,0.19390162022954427,46,7,1,1.345936312227413,-0.34593631222741306,34.17695145164321
De'Vondre Campbell,2021,LB,GB,15,0.17771042268287726,47,8,1,1.3422717062099103,-0.3422717062099103,35.015265376270946
Jalen Reeves-Maybin,2021,LB,DET,11,0.18068106656040725,72,7,0,1.3280783583406015,-1.3280783583406015,54.21366860458601
Mike Hilton,2021,CB,CIN,15,0.15271095203180937,41,9,1,1.3230619515046462,-0.3230619515046462,30.988722752833255
Johnathan Abram,2021,S,LV,13,0.19433252383404606,21,6,1,1.323060731999184,-0.32306073199918406,15.872287259458133
Isaiahh Loudermilk,2021,DI,PIT,15,0.1954153885275172,148,6,0,1.297340117466497,-1.297340117466497,114.07956788465074
Jabrill Peppers,2021,S,NYG,6,0.18960118622336775,23,7,1,1.2954632859822601,-0.2954632859822601,17.75426617556413
Kyle Phillips,2021,ED,NYJ,7,0.16676835689283057,117,7,1,1.289215528296299,-0.28921552829629893,90.75286283172198
Jaylon Ferguson,2021,ED,BLT,9,0.19259988859303243,69,6,0,1.2806560481471356,-1.2806560481471356,53.87863517283177
Brent Urban,2021,DI,DAL,6,0.1530039685208437,99,8,0,1.2675373591730807,-1.2675373591730807,78.10420677824114
Neville Gallimore,2021,DI,DAL,5,0.1827803314519251,97,7,2,1.266575225789053,0.733424774210947,76.58447601449869
Montravius Adams,2021,DI,PIT,5,0.18071350951333306,82,7,0,1.2594064631616693,-1.2594064631616693,65.11003587685552
Christian Ringo,2021,DI,NO,14,0.1768530518497266,167,7,0,1.255560536485644,-1.255560536485644,133.00832189855106
Eric Rowe,2021,S,MIA,14,0.1910978088374745,31,6,0,1.2530080175897407,-1.2530080175897407,24.740464198809306
Cam Gill,2021,ED,TB,9,0.1879107413053959,73,6,2,1.242966628043845,0.757033371956155,58.73045852798629
Derrek Tuszka,2021,ED,PIT,13,0.17877808893270475,108,6,2,1.2421881854512926,0.7578118145487074,86.94334825021951
Jamal Adams,2021,S,SEA,12,0.18347689392608602,50,7,0,1.2377516529335701,-1.2377516529335701,40.395825674315205
Yetur Gross-Matos,2021,ED,CAR,11,0.1787445882477022,151,7,4,1.233890648188234,2.766109351811766,122.3771330317794
Azeez Al-Shaair,2021,LB,SF,13,0.18379909228154473,41,7,2,1.2309380014593627,0.7690619985406373,33.30793261024653
Shy Tuttle,2021,DI,NO,17,0.17825232945289998,265,7,0,1.2274521671511587,-1.2274521671511587,215.89435995298194
Yetur Gross-Matos,2021,DI,CAR,3,0.20258070921398663,29,5,0,1.2274504195270786,-1.2274504195270786,23.626208878704315
Naquan Jones,2021,DI,TEN,13,0.1618846575653635,197,7,3,1.2043366270888596,1.7956633729111404,163.57552827749774
Wyatt Ray,2021,ED,CIN,15,0.16117525744557518,124,7,1,1.2024586252178222,-0.2024586252178222,103.12205127019462
Elijah Molden,2021,CB,TEN,13,0.1601756975728936,53,7,1,1.1845093082809248,-0.18450930828092482,44.744266363696845
Logan Ryan,2021,S,NYG,14,NA,35,8,1,1.1785878021390643,-0.17858780213906433,29.696557130896107
Tedarrell Slaton,2021,DI,GB,17,0.1778533787464254,137,6,2,1.1767746253367786,0.8232253746632214,116.41991342292265
Ernest Jones,2021,LB,LA,8,0.20388764808437865,24,6,2,1.1496253259411153,0.8503746740588847,20.87636681138086
James Lynch,2021,DI,MIN,13,0.2011137388825052,160,6,1,1.1487899830195938,-0.14878998301959379,139.2769804446241
Albert Huggins,2021,DI,NO,9,0.18128742496666847,112,6,0,1.1484039703519158,-1.1484039703519158,97.5266569007758
Duron Harmon,2021,S,ATL,13,0.17636932569195954,18,6,0,1.1467713105463118,-1.1467713105463118,15.696241992158802
Trey Flowers,2021,ED,DET,7,0.17745121272628436,159,6,1,1.1294525320377449,-0.12945253203774487,140.77616853285022
Justin Ellis,2021,DI,BLT,17,0.18070934099235866,212,6,0,1.123835109738287,-1.123835109738287,188.6397730084883
Malcolm Jenkins,2021,S,NO,15,0.18620821474875485,50,5,1,1.119654547231941,-0.11965454723194102,44.656631032859366
Malcolm Roach,2021,DI,NO,7,0.18188299945279185,133,6,0,1.1162818468966502,-1.1162818468966502,119.14553691771506
Michael Carter II,2021,CB,NYJ,15,0.17992501330335628,32,6,1,1.109932605390678,-0.10993260539067795,28.83057930236812
Christian Covington,2021,DI,LAC,16,0.16759804560033936,256,6,1,1.0967967043287628,-0.09679670432876275,233.40697413626114
Khari Willis,2021,S,IND,9,0.19249666318817024,26,6,2,1.0935934896840638,0.9064065103159362,23.774830634289284
Joe Gaziano,2021,DI,LAC,14,0.15841543096554667,128,6,0,1.0895761878113572,-1.0895761878113572,117.47686984341581
Isaac Rochell,2021,ED,IND,12,0.16115200166725904,102,8,0,1.0848016449414002,-1.0848016449414002,94.02640609519902
Jessie Lemonier,2021,ED,DET,7,0.17931816089567074,84,6,2,1.0802096214897379,0.9197903785102621,77.76268450946955
Shaka Toney,2021,ED,WAS,10,0.16578134199310615,76,6,2,1.074231759866405,0.9257682401335949,70.74823407702226
Duke Riley,2021,LB,MIA,10,0.1562429641256703,35,7,0,1.0623541778905456,-1.0623541778905456,32.94569808112154
Jamie Collins Sr.,2021,LB,NE,10,0.15495265828609409,39,7,1,1.0508698092043343,-0.05086980920433426,37.112113849315776
Jeremiah Attaochu,2021,ED,CHI,5,0.193031726477399,68,5,0,1.0425115904773288,-1.0425115904773288,65.22709255334536
Christian Kirksey,2021,LB,HST,10,0.18590701343478858,32,6,0,1.0424428540617474,-1.0424428540617474,30.697126346366158
Rayshawn Jenkins,2021,S,JAX,12,0.2046452492220443,27,5,0,1.0413064877755478,-1.0413064877755478,25.92896550340116
Oshane Ximines,2021,ED,NYG,8,0.1728618543510501,96,7,0,1.0413015753923405,-1.0413015753923405,92.19231226441698
C.J. Mosley,2021,LB,NYJ,16,0.17385682153901774,76,6,2,1.0391697555324393,0.9608302444675607,73.13530786994458
Mike Purcell,2021,DI,DEN,13,0.16487369964185003,146,6,0,1.0353538427127733,-1.0353538427127733,141.01459228417926
Taco Charlton,2021,ED,PIT,11,0.17109694157498895,101,7,1,1.0306032324560734,-0.030603232456073437,98.0008569925622
Landon Collins,2021,S,WAS,11,0.167180878161034,31,6,2,1.0246067470543263,0.9753932529456737,30.255510310783002
K'Waun Williams,2021,CB,SF,12,0.20353800191200294,34,5,1,1.0233345531810474,-0.02333455318104738,33.2247160953479
Josh Bynes,2021,LB,BLT,12,0.18924548632273375,29,5,1,1.0223538290064722,-0.022353829006472203,28.365913226130647
Byron Murphy Jr.,2021,CB,ARZ,13,0.18781036294539372,35,5,1,1.0183635074585986,-0.018363507458598605,34.36886705351912
Michael Brockers,2021,DI,DET,16,0.186076019749836,301,6,1,1.0127920607820111,-0.012792060782011117,297.19822227633546
James Vaughters,2021,ED,ATL,10,0.16739573834880203,87,7,1,1.0125056477447196,-0.012505647744719628,85.92544663211112
Devin Bush,2021,LB,PIT,13,0.19467690254061062,31,6,2,1.012337411498534,0.987662588501466,30.62220130155181
Rashard Lawrence,2021,DI,ARZ,10,0.16779056850034516,101,5,0,1.0119314637235615,-1.0119314637235615,99.80913097449759
Leighton Vander Esch,2021,LB,DAL,16,0.15936425032881235,45,6,1,1.0091849205519388,-0.009184920551938758,44.59044034802741
Brandon Copeland,2021,ED,ATL,15,0.17312423815412042,137,6,0,1.008991081310052,-1.008991081310052,135.7791981888702
Elerson Smith,2021,ED,NYG,6,0.16888739321605514,59,6,0,1.0041531652175242,-1.0041531652175242,58.75597672116002
Dean Marlowe,2021,S,DET,12,0.1795476929332582,21,5,0,0.9984894061517147,-0.9984894061517147,21.03177046308008
Ifeadi Odenigbo,2021,ED,CLV,8,0.20535669304184087,83,5,0,0.9925641930427083,-0.9925641930427083,83.62179552897558
Kevin Byard,2021,S,TEN,12,0.19578097709703077,19,5,1,0.9826783123658178,0.01732168763418218,19.33491332912102
Pernell McPhee,2021,ED,BLT,10,0.16663589912659596,137,6,0,0.9815263378695931,-0.9815263378695931,139.57852653995923
Jamin Davis,2021,LB,WAS,13,0.16714309526441462,64,6,1,0.9770797692405645,0.0229202307594355,65.50130502624573
Tarron Jackson,2021,ED,PHI,16,0.1713696210988809,147,6,1,0.9688174690186164,0.03118253098138357,151.73136808619552
Stephen Weatherly,2021,ED,MIN,6,0.19119610974585446,39,5,0,0.965583173996176,-0.965583173996176,40.390099009900986
P.J. Williams,2021,S,NO,13,0.17421955440233455,28,5,2,0.9643828464017559,1.0356171535982441,29.034112442451487
Derick Roberson,2021,ED,TEN,5,0.16498677508434303,47,6,2,0.9611888111888112,1.0388111888111888,48.89778101127683
Troy Hill,2021,CB,CLV,12,0.1824012292685822,20,4,2,0.9608681567865242,1.0391318432134757,20.814510147663675
Reggie Ragland,2021,LB,NYG,13,0.1671872126787805,37,6,0,0.9564598646400949,-0.9564598646400949,38.68432055319194
Isaiah Mack,2021,DI,BLT,2,0.23028525200886482,19,4,1,0.956268221574344,0.04373177842565601,19.868902439024392
Bryce Hall,2021,CB,NYJ,11,0.19542429931729763,11,5,1,0.956251248053162,0.04374875194683803,11.503252960343811
Denzel Perryman,2021,LB,LV,11,0.1708599108430319,9,5,0,0.9558546010466487,-0.9558546010466487,9.415657977840054
Joe Schobert,2021,LB,PIT,16,0.18622031572268635,63,5,0,0.9548063879514108,-0.9548063879514108,65.9819632492928
Kenneth Murray,2021,LB,LAC,11,0.16434857339487194,59,6,0,0.9514211713552106,-0.9514211713552106,62.01249433619394
Logan Wilson,2021,LB,CIN,13,0.17055013004753813,32,6,1,0.9475149706812218,0.05248502931877819,33.772553458436015
Daviyon Nixon,2021,DI,CAR,7,0.19309946944852482,36,4,1,0.9411130284728214,0.05888697152717859,38.2525785010314
Budda Baker,2021,S,ARZ,15,0.1866819816581099,59,6,2,0.9373618075815466,1.0626381924184534,62.94261140447334
Kyle Peko,2021,DI,TEN,8,0.18868073601023977,83,5,2,0.9359283131728952,1.0640716868271047,88.68200569616415
Jordan Whitehead,2021,S,TB,13,0.19151083924021284,33,5,0,0.9335811159253374,-0.9335811159253374,35.347758686497635
Avery Williams,2021,CB,ATL,6,0.1840217461881819,6,5,0,0.9184161914148057,-0.9184161914148057,6.532985868593077
Erik Harris,2021,S,ATL,11,0.17422280822722683,11,5,0,0.916805429542035,-0.916805429542035,11.998183742754172
Tavon Young,2021,CB,BLT,14,0.1732540340045068,26,6,2,0.9137353010767859,1.086264698923214,28.454630098410835
Kamren Curl,2021,S,WAS,13,0.17460103326503545,20,5,1,0.9026219540731732,0.09737804592682675,22.157670672365068
Tipa Galeai,2021,ED,GB,7,0.1816125340597579,80,5,0,0.8895658171501758,-0.8895658171501758,89.93151316929983
Bruce Irvin,2021,ED,CHI,6,0.16756070410466237,81,5,0,0.8841622721279765,-0.8841622721279765,91.61214242386923
Nik Needham,2021,CB,MIA,13,0.19339630004722122,23,5,1,0.8685484672793584,0.13145153272064158,26.480963200643494
Javon Kinlaw,2021,DI,SF,4,0.17823214090715614,89,5,1,0.8679737029925141,0.13202629700748592,102.53766870258232
Jourdan Lewis,2021,CB,DAL,10,0.16968713130717106,8,5,2,0.8666069818009301,1.13339301819907,9.231404971345702
Abdullah Anderson,2021,DI,GB,3,0.1887513716177498,34,4,0,0.8602959010429299,-0.8602959010429299,39.52128559345926
Jalen Ramsey,2021,CB,LA,12,0.18862562577184971,18,5,0,0.8498412113479397,-0.8498412113479397,21.180427307649698
Tyler Lancaster,2021,DI,GB,16,0.18458467334818093,146,4,0,0.8449346588840455,-0.8449346588840455,172.79442672268968
Carl Davis,2021,DI,NE,17,0.17382067951278862,117,4,1,0.8429133495003317,0.1570866504996683,138.80430303940034
Alex Anzalone,2021,LB,DET,13,0.18408229293720832,63,4,1,0.838752824814652,0.16124717518534804,75.11152050536673
Jarrod Wilson,2021,S,NYJ,3,0.17480949330403067,4,5,1,0.8374978063508068,0.16250219364919316,4.776131913024379
Alec Ogletree,2021,LB,CHI,13,0.18907626687744222,28,4,0,0.8359360718498068,-0.8359360718498068,33.49538432770345
Antoine Winfield Jr.,2021,S,TB,12,0.17949611396082024,23,5,1,0.8353812444121657,0.16461875558783434,27.53233946039147
Alex Singleton,2021,LB,PHI,13,0.16929107630863618,22,5,0,0.834877142983756,-0.834877142983756,26.351182548098635
Teair Tart,2021,DI,TEN,11,0.18185328041966112,178,5,0,0.8306034858699851,-0.8306034858699851,214.30201417173254
Chris Rumph II,2021,ED,LAC,14,0.15358509235285597,89,4,1,0.8294943103887958,0.17050568961120416,107.29428627218
Sam Kamara,2021,ED,CHI,7,0.16117481629416952,46,5,0,0.8270856926067428,-0.8270856926067428,55.616969814845746
Oren Burks,2021,LB,GB,16,0.1811429783120401,21,4,1,0.8258916094130765,0.1741083905869235,25.42706544134011
Genard Avery,2021,LB,PHI,16,0.16342133256752794,81,5,1,0.8256030552579627,0.17439694474203726,98.11010204497275
Whitney Mercilus,2021,ED,HST,6,0.16512929484175493,110,5,2,0.821795814104246,1.178204185895754,133.85320065167227
Kaden Elliss,2021,LB,NO,10,0.1799060446655546,35,5,1,0.821208310958013,0.17879168904198695,42.62012394780731
Ben Banogu,2021,ED,IND,8,0.19458051285606007,55,4,0,0.8204883471434451,-0.8204883471434451,67.03324939529507
John Penisini,2021,DI,DET,16,0.1905096543922038,103,5,0,0.8199771971442171,-0.8199771971442171,125.61324919610468
Carlos Watkins,2021,DI,DAL,15,0.16472672522199008,235,5,1,0.8134927793487916,0.1865072206512084,288.8777945738125
Darnell Savage,2021,S,GB,9,0.20308680501237011,6,4,0,0.805631067381064,-0.805631067381064,7.447577734936078
Jonah Williams,2021,DI,LA,8,0.19265656391918312,64,4,0,0.8037739363838362,-0.8037739363838362,79.6243783269893
Porter Gustin,2021,ED,CLV,6,0.17642993144907962,72,4,0,0.7961824758036917,-0.7961824758036917,90.43153069567492
Willie Gay Jr.,2021,LB,KC,12,0.17347293412736653,36,5,1,0.7960517235507748,0.2039482764492252,45.223192080311854
DeShon Elliott,2021,S,BLT,5,0.17387275776031785,17,5,1,0.794654800704235,0.205345199295765,21.39293688899173
Ross Cockrell,2021,CB,TB,13,0.18102901875966998,31,4,0,0.7945682046748438,-0.7945682046748438,39.01490119741947
Justin Hamilton,2021,DI,DAL,9,0.16520893185262678,132,5,0,0.7917153867463012,-0.7917153867463012,166.72658155916116
Khalen Saunders,2021,DI,KC,7,0.16621627469701564,76,5,0,0.7870451507312043,-0.7870451507312043,96.56371039119192
Justin Hollins,2021,ED,LA,7,0.17927711764277962,102,4,2,0.7849914817902288,1.2150085182097712,129.93771571556644
Cassius Marsh,2021,ED,CHI,4,0.20231020760170537,47,4,1,0.7774629359468322,0.22253706405316775,60.45304261708773
Ta'Quon Graham,2021,DI,ATL,13,0.163240089384221,168,6,0,0.7693564689893,-0.7693564689893,218.36431715548036
Germaine Pratt,2021,LB,CIN,14,0.1713432495953202,39,5,1,0.7631523220183601,0.23684767798163986,51.103821445310004
Chase Winovich,2021,ED,NE,9,0.18226373610434443,74,4,0,0.7528995138262873,-0.7528995138262873,98.28668851694019
Isaiah Buggs,2021,DI,PIT,10,0.18635194069853897,98,4,0,0.7489901172703359,-0.7489901172703359,130.84284790987232
Henry Mondeaux,2021,DI,PIT,14,0.19277526594715835,118,4,2,0.7431358160582155,1.2568641839417845,158.78658712199137
Pete Werner,2021,LB,NO,11,0.1819965872125445,24,4,0,0.7415102027593619,-0.7415102027593619,32.36637865627398
Mike Edwards,2021,S,TB,11,0.17868993267575123,28,4,0,0.7339472895948624,-0.7339472895948624,38.149878604301335
Patrick O'Connor,2021,DI,TB,8,0.18330102887671113,30,4,1,0.7313993433164417,0.26860065668355826,41.01726406256893
Taylor Rapp,2021,S,LA,13,0.18480785333808178,18,4,2,0.7256838092573175,1.2743161907426825,24.80419126123489
Danny Shelton,2021,DI,NYG,13,NA,108,5,1,0.7219927618478786,0.27800723815212136,149.58598715530505
Taron Johnson,2021,CB,BUF,13,0.17825828785232073,22,4,3,0.720381698274094,2.2796183017259057,30.539365523455235
Marlon Davidson,2021,DI,ATL,11,0.16850139656832577,156,4,1,0.7166122832082545,0.28338771679174546,217.69093784102063
Raymond Johnson III,2021,DI,NYG,10,NA,56,4,1,0.7032385164137112,0.29676148358628884,79.6315882775902
Chris Smith,2021,ED,HST,4,0.1565718370824676,48,5,2,0.7023481258078415,1.2976518741921585,68.34217710026685
Bradley Roby,2021,CB,NO,10,0.18063194335168237,13,4,1,0.7012601273886607,0.2987398726113393,18.5380566957502
Kyle Dugger,2021,S,NE,12,0.17876454778445186,12,4,0,0.6930694655700369,-0.6930694655700369,17.31428175115206
Daniel Wise,2021,ED,WAS,5,0.17081829177392477,80,4,0,0.6923617250556195,-0.6923617250556195,115.54653745998647
Mike Pennel,2021,DI,ATL,10,0.17809308130961068,87,4,0,0.6778565661803918,-0.6778565661803918,128.34573616396523
Josh Woods,2021,LB,DET,3,0.17339763383649442,13,4,0,0.6751640419947506,-0.6751640419947506,19.25457991156033
Shaquill Griffin,2021,CB,JAX,6,0.2247309843516975,3,3,0,0.6741929530550925,-0.6741929530550925,4.449764694818534
DeAndre Houston-Carson,2021,S,CHI,10,0.19923052627423127,19,3,0,0.6706815846557826,-0.6706815846557826,28.32938973529662
Will Harris,2021,S,DET,10,0.17009309985275434,20,4,1,0.6668613355797578,0.3331386644202422,29.991242456143215
M.J. Stewart,2021,S,CLV,6,0.17489850614056354,9,4,0,0.6552438838651472,-0.6552438838651472,13.735343772933636
Anthony Walker,2021,LB,CLV,11,0.15898564655903666,19,3,1,0.6540451895043732,0.3459548104956268,29.049980498133394
Sione Takitaki,2021,LB,CLV,13,0.1550979948813856,22,4,0,0.6503750324996271,-0.6503750324996271,33.826636787464025
Byron Jones,2021,CB,MIA,9,0.2337402885682575,5,2,0,0.6500754147812972,-0.6500754147812972,7.691415313225058
Jonathan Bullard,2021,DI,ATL,9,0.16252263932428157,104,4,0,0.6456384165529692,-0.6456384165529692,161.0808733396794
Cameron Malveaux,2021,ED,PHI,3,0.16259423746972215,35,4,0,0.64214428286284575,-0.64214428286284575,54.504884547069274
Avonte Maddox,2021,CB,PHI,13,0.16859172116180585,13,4,1,0.6401852837281017,0.3598147162718983,20.306621114897943
Baron Browning,2021,LB,DEN,10,0.1763589268435459,35,4,0,0.6383888250842494,-0.6383888250842494,54.825521100531454
Jamir Jones,2021,ED,LA,4,0.19298492159843297,28,3,0,0.6368421052631579,-0.6368421052631579,43.96694214876033
LaDarius Hamilton,2021,ED,GB,5,0.2117675527481145,35,3,0,0.6311191854140377,-0.6311191854140377,55.45703697319659
Grant Delpit,2021,S,CLV,10,0.19305063689645638,6,3,1,0.6241761444815044,0.3758238555184956,9.612671123444052
Olubunmi Rotimi,2021,ED,WAS,9,0.16478303303420058,108,4,2,0.6171052431668667,1.3828947568331333,175.01066665025328
Frankie Luvu,2021,LB,CAR,10,0.18350525008339005,33,4,1,0.6013957704300456,0.39860422956995445,54.872351324324065
Jacob Tuioti-Mariner,2021,ED,ATL,6,0.17816327867334983,32,3,2,0.600511524713423,1.399488475286577,53.28790320097702
Margus Hunt,2021,DI,CHI,10,0.1611982780872183,46,3,0,0.5990939665866489,-0.5990939665866489,76.78261268776585
Jaylinn Hawkins,2021,S,ATL,8,0.18922746234413526,7,3,0,0.597697509784154,-0.597697509784154,11.711609778210224
Larrell Murchison,2021,DI,TEN,11,0.1657490303960265,109,3,1,0.595124020996853,0.404875979003147,183.15510070896028
Malcolm Koonce,2021,ED,LV,4,0.14327032051237695,25,4,2,0.5884759943538844,1.4115240056461156,42.482616521084566
Tavierre Thomas,2021,CB,HST,12,0.20027495393493897,30,3,0,0.585190638465352,-0.585190638465352,51.26534504836622
William Bradley-King,2021,ED,WAS,3,0.18685284411702965,35,3,1,0.5802107728337236,0.4197892271662764,60.3229061553986
Marquise Copeland,2021,DI,LA,8,0.17759676447653722,29,3,0,0.5773326579791561,-0.5773326579791561,50.23100564154645
Andrew Adams,2021,S,TB,4,0.15456084318289426,14,4,0,0.5769667097840339,-0.5769667097840339,24.264831510366314
Ashtyn Davis,2021,S,NYJ,9,0.18571410907656946,6,3,1,0.5742028441504988,0.4257971558495012,10.449269036409365
Josiah Bronson,2021,DI,NO,6,0.19206621505988122,78,3,0,0.5696778127454348,-0.5696778127454348,136.91949774925664
Cory Littleton,2021,LB,LV,10,0.15064533222991286,11,3,0,0.5653783700333375,-0.5653783700333375,19.455997227752782
Talanoa Hufanga,2021,S,SF,11,0.18819547007489262,21,3,0,0.5444313208404828,-0.5444313208404828,38.57235834187606
Caden Sterns,2021,S,DEN,9,0.1694684185070475,6,3,2,0.5426219929886771,1.457378007011323,11.057421331105543
Justin Simmons,2021,S,DEN,11,0.17349760974708767,7,3,1,0.5415000504495319,0.45849994955046813,12.92705327393576
Andrew Wingard,2021,S,JAX,12,0.1888740274261325,14,3,1,0.5374348540202314,0.4625651459797686,26.049668895261078
Marlon Humphrey,2021,CB,BLT,8,0.18301312175238585,8,3,0,0.5344911280207556,-0.5344911280207556,14.967507561115852
Tyeler Davison,2021,DI,ATL,12,0.17138908370982295,170,3,0,0.5290588693140075,-0.5290588693140075,321.32530018904464
Keanu Neal,2021,LB,DAL,13,0.1600440895208787,19,3,1,0.5227014468494269,0.4772985531505731,36.34962197736804
Levi Onwuzurike,2021,DI,DET,16,0.18056814348159567,182,3,1,0.5201203113804389,0.4798796886195611,349.9190399178185
Tre'Davious White,2021,CB,BUF,7,0.18286330484693064,5,3,1,0.5156267738687681,0.4843732261312319,9.696936337275122
Quinton Bohanna,2021,DI,DAL,14,0.1610152427224018,118,3,0,0.5115328962238297,-0.5115328962238297,230.67920141809833
Leki Fotu,2021,DI,ARZ,16,0.19014442593133035,174,3,0,0.5108139052322689,-0.5108139052322689,340.63285712804077
Rashod Berry,2021,ED,DET,5,0.18587601261098696,30,3,0,0.4991598963462639,-0.4991598963462639,60.100982109326345
Sean Chandler,2021,S,CAR,11,0.1626954054430082,9,3,0,0.49879295942868,-0.49879295942868,18.043558614597618
Mykal Walker,2021,LB,ATL,13,0.15483670532049512,26,3,0,0.49873792151449414,-0.49873792151449414,52.13158831204777
Kenny Young,2021,LB,DEN,6,0.15376670969757092,20,3,0,0.4972326681793945,-0.4972326681793945,40.222618665079914
Antonio Hamilton,2021,CB,ARZ,5,0.17400216499935509,11,3,0,0.4965833684949545,-0.4965833684949545,22.151366110667006
Jessie Bates III,2021,S,CIN,13,0.15553365383813775,11,3,0,0.4919685738852118,-0.4919685738852118,22.35915175054772
Adrian Phillips,2021,S,NE,13,0.1666608567872177,23,3,0,0.4915314087966268,-0.4915314087966268,46.79253367818118
Brennan Scarlett,2021,ED,MIA,13,0.1681225420573219,42,3,0,0.4800479394819017,-0.4800479394819017,87.49126190465284
Isaiah Oliver,2021,CB,ATL,4,0.16491733240912648,13,3,0,0.4799198214226093,-0.4799198214226093,27.08785805400694
Khalid Kareem,2021,ED,CIN,7,0.13605328917770287,55,3,0,0.4784424741508235,-0.4784424741508235,114.95634892704338
Michael Dwumfour,2021,DI,HST,3,0.14783642204415343,30,3,1,0.46912769561658957,0.5308723043834105,63.94847347601177
Mike Daniels,2021,DI,CIN,2,0.15510530662812305,29,3,0,0.45890718562874255,-0.45890718562874255,63.19360626325232
Darnay Holmes,2021,CB,NYG,7,0.1681985965940507,15,3,0,0.457582237860371,-0.457582237860371,32.78099270229361
Joe Jackson,2021,ED,CLV,12,0.15787278878711014,82,3,2,0.457582237860371,1.5424177621396291,179.20276010587173
Justin Coleman,2021,CB,MIA,7,0.2631578947368421,2,2,0,0.45337528604118993,-0.45337528604118993,4.411356466876971
E.J. Speed,2021,LB,IND,10,0.1826253240148117,14,2,0,0.4430205431720309,-0.4430205431720309,31.60124336393044
Donovan Wilson,2021,S,DAL,6,0.15995818852631355,7,3,0,0.4384751548631059,-0.4384751548631059,15.964416506530306
Kylie Fitts,2021,ED,ARZ,4,0.20315050225008913,15,2,0,0.4364123159303882,-0.4364123159303882,34.37116564417178
Marcus Allen,2021,LB,PIT,2,0.2022372956392499,4,2,0,0.43641231593038815,-0.43641231593038815,9.165644171779142
Krys Barnes,2021,LB,GB,13,0.17793902913185383,16,2,1,0.43605103277341634,0.5639489672265836,36.692952882682484
Daryl Worley,2021,S,DET,2,0.21079285026205027,3,2,0,0.4353945734063204,-0.4353945734063204,6.890301770482403
Chapelle Russell,2021,LB,JAX,5,0.22783129428260068,5,2,0,0.43538899191277874,-0.43538899191277874,11.483983501819099
Tashawn Bower,2021,ED,MIN,4,0.22006236928865874,22,2,0,0.43383947939262474,-0.43383947939262474,50.71
AJ Parker,2021,CB,DET,12,0.19323328291844094,29,2,0,0.4300303821377468,-0.4300303821377468,67.43709562063165
Ronnie Harrison,2021,S,CLV,9,0.16770783165579367,14,2,1,0.4286279873308379,0.5713720126691622,32.662356201192374
Jaylon Smith,2021,LB,GB,2,0.22465947540414702,4,2,0,0.42181670956360795,-0.42181670956360795,9.482791718085837
T.J. Edwards,2021,LB,PHI,10,0.1801075439643001,15,2,0,0.4198301085805157,-0.4198301085805157,35.728738109604336
Rudy Ford,2021,S,JAX,4,0.20365894446654872,8,2,0,0.4177449168207024,-0.4177449168207024,19.150442477876105
Michael Hoecht,2021,ED,LA,12,0.19267521162365278,77,2,0,0.4149634629330061,-0.4149634629330061,185.55850545432546
Jahleel Addae,2021,S,IND,4,0.19717330123229515,6,2,0,0.41057326819683004,-0.41057326819683004,14.613713226754895
A.J. Klein,2021,LB,BUF,6,0.14782978707388086,17,2,0,0.4104170408842427,-0.4104170408842427,41.42128202906374
Daniel Ekuale,2021,DI,NE,6,0.14142983595310932,67,3,2,0.40317211383643853,1.5968278861635614,166.18212842761488
Micah Kiser,2021,LB,DEN,3,0.1750525603107294,7,2,0,0.40296832127712645,-0.40296832127712645,17.371092541008977
Montravius Adams,2021,DI,NO,5,0.18949601999458107,66,2,0,0.40161227150231205,-0.40161227150231205,164.33760789508156
Jalyn Holmes,2021,ED,NO,8,0.19131185259171105,101,2,0,0.40141772787152624,-0.40141772787152624,251.60822003438037
Jamie Collins Sr.,2021,LB,DET,2,0.1929050980669316,4,2,0,0.3993007041585646,-0.3993007041585646,10.017513012978752
Chris Harris Jr.,2021,CB,LAC,10,0.17684567853346414,15,3,0,0.39709054482842493,-0.39709054482842493,37.77475992655833
Anthony Rush,2021,DI,ATL,10,0.15902582256617825,113,2,0,0.39640691918349186,-0.39640691918349186,285.0606145643328
Da'Shawn Hand,2021,ED,DET,3,0.13749093300509793,57,3,0,0.3950052889935314,-0.3950052889935314,144.30186528700742
T.Y. McGill,2021,DI,MIN,2,0.19827213672145697,23,2,0,0.38959306399622873,-0.38959306399622873,59.03595860788384
John Johnson III,2021,S,CLV,10,0.21540773425570497,5,2,1,0.38579303923702024,0.6142069607629798,12.960316779920289
Darren Hall,2021,CB,ATL,8,0.16755380279398896,14,2,1,0.3853354204459536,0.6146645795540464,36.33198314288788
Tre Norwood,2021,S,PIT,8,0.17213996242525878,10,2,0,0.3804347826086956,-0.3804347826086956,26.28571428571429
Dontae Johnson,2021,CB,SF,7,0.19018931541088513,5,2,0,0.378535170413343,-0.378535170413343,13.208812260536398
Zach Cunningham,2021,LB,HST,9,0.18969865609901015,26,2,0,0.3730017761989342,-0.3730017761989342,69.70476190476192
Brandin Bryant,2021,DI,BUF,2,0.1714751626428135,15,2,0,0.37185929648241206,-0.37185929648241206,40.33783783783784
Elijah Riley,2021,S,NYJ,7,0.15868263681264874,6,2,1,0.3672316384180791,0.6327683615819208,16.338461538461537
Kristian Fulton,2021,CB,TEN,6,0.17730512995346168,5,2,0,0.3664917582298366,-0.3664917582298366,13.642871600033004
Myles Adams,2021,DI,SEA,2,0.1791321494121732,16,2,0,0.3654050300114093,-0.3654050300114093,43.78702723249437
Jaylon Smith,2021,LB,NYG,4,NA,9,2,1,0.3624236579877853,0.6375763420122147,24.83281596452328
Brandon Stephens,2021,S,BLT,13,0.18601769879135735,26,2,0,0.3618901651404576,-0.3618901651404576,71.84500299948418
John Jenkins,2021,DI,MIA,7,0.17261134590195734,62,2,0,0.3599707718878703,-0.3599707718878703,172.23620594205573
Derek Rivers,2021,ED,HST,5,0.19317478511014433,69,2,1,0.35911524887428503,0.640884751125715,192.1388752393378
Tashaun Gipson Sr.,2021,S,CHI,8,0.19796643549735635,6,2,1,0.3583077817941772,0.6416922182058228,16.74538010298247
Tommy Togiai,2021,DI,CLV,6,0.1995233682148651,61,2,1,0.357837826595803,0.642162173404197,170.46828330114684
Del'Shawn Phillips,2021,LB,NYJ,8,0.18093963136071195,7,2,1,0.35760566663902404,0.642394333360976,19.574633885950057
Geno Stone,2021,S,BLT,7,0.18908215849539198,11,2,0,0.35648985332529637,-0.35648985332529637,30.8564182048753
Markus Bailey,2021,LB,CIN,9,0.14956922502223682,9,2,1,0.3558650595457119,0.6441349404542881,25.290485139196207
Zack Baun,2021,LB,NO,7,0.18692885042777702,17,2,0,0.35191805373604557,-0.35191805373604557,48.3067004364339
Dylan Cole,2021,LB,TEN,4,0.17228107640918577,7,2,0,0.3497815493194421,-0.3497815493194421,20.01249069203238
Kevon Seymour,2021,CB,BLT,4,0.17320427265800323,6,2,1,0.3477776281734811,0.6522223718265189,17.25240358763685
Juan Thornhill,2021,S,KC,12,0.15757662282670956,14,2,0,0.34550662907192997,-0.34550662907192997,40.5202066241264
Charvarius Ward,2021,CB,KC,8,0.1794803717604502,5,2,0,0.3433559650824442,-0.3433559650824442,14.562146892655369
Malik Harrison,2021,LB,BLT,5,0.15897770391738045,15,2,0,0.3433559650824442,-0.3433559650824442,43.686440677966104
Brandon Graham,2021,ED,PHI,2,0.18419235786261318,32,2,0,0.34277198211624443,-0.34277198211624443,93.35652173913043
Mackensie Alexander,2021,CB,MIN,15,0.18612030629686646,17,2,0,0.33276035552574207,-0.33276035552574207,51.08781655537357
Eric Wilson,2021,LB,PHI,6,0.16114082008806957,7,2,0,0.32921288390435016,-0.32921288390435016,21.262837337902567
Javelin Guidry,2021,CB,NYJ,13,0.1673331083147157,15,2,0,0.3284090909090909,-0.3284090909090909,45.67474048442907
Anthony Harris,2021,S,PHI,6,0.1943420050345906,4,2,0,0.3282804771603142,-0.3282804771603142,12.184702650004432
Kendall Fuller,2021,CB,WAS,12,0.1510735614163901,9,2,1,0.3265164325649764,0.6734835674350236,27.563696960976106
Anthony Averett,2021,CB,BLT,8,0.15526023237838318,3,2,0,0.3259702705948653,-0.3259702705948653,9.203293277406189
Julian Love,2021,CB,NYG,4,0.17449001983298687,9,2,0,0.3243744207599629,-0.3243744207599629,27.745714285714286
Justin Strnad,2021,LB,DEN,9,0.18247495535948566,25,2,0,0.3224716333348729,-0.3224716333348729,77.52619894488076
Trent Harris,2021,ED,NYG,3,0.1558039079284434,25,2,0,0.32059703479862556,-0.32059703479862556,77.97951099486332
John Simon,2021,ED,TEN,2,0.1551220709115446,19,2,0,0.3203962703962704,-0.3203962703962704,59.30156420516552
Nevin Lawson,2021,CB,JAX,8,0.18997541374223817,6,2,0,0.318743425535375,-0.318743425535375,18.823917669586894
Kyle Fuller,2021,CB,DEN,7,0.13633894935648683,6,2,0,0.31382655464227655,-0.31382655464227655,19.11884100068988
Sam Franklin,2021,S,CAR,6,0.1566461274031551,8,2,0,0.3100474525021557,-0.3100474525021557,25.802501957162114
Tyson Alualu,2021,DI,PIT,2,0.13993074060501104,40,2,0,0.3099378156759063,-0.3099378156759063,129.0581464309826
Ugo Amadi,2021,CB,SEA,12,0.158005851722308,15,2,0,0.30933014354066984,-0.30933014354066984,48.49187935034803
Amen Ogbongbemiga,2021,LB,LAC,7,0.1759099431827246,5,2,1,0.30866141732283464,0.6913385826771654,16.198979591836736
Denzel Ward,2021,CB,CLV,7,0.1722740499828826,4,2,1,0.30866141732283464,0.6913385826771654,12.959183673469388
George Odum,2021,S,IND,7,0.1483819310930406,4,2,0,0.307095046854083,-0.307095046854083,13.025283347863992
Blake Lynch,2021,LB,MIN,6,0.1711691188568345,8,2,2,0.30597014925373134,1.6940298507462686,26.146341463414636
Jaquiski Tartt,2021,S,SF,8,0.1578263607332681,5,2,0,0.3059700529237124,-0.3059700529237124,16.341468559495436
Jaylon Smith,2021,LB,DAL,3,0.14627603838243855,10,2,0,0.30327868852459017,-0.30327868852459017,32.972972972972975
Julian Love,2021,S,NYG,9,0.16054308920927007,11,2,0,0.30327868852459017,-0.30327868852459017,36.27027027027027
Noah Spence,2021,ED,CIN,2,0.15455755156353956,27,2,0,0.2964071856287425,-0.2964071856287425,91.0909090909091
Aaron Robinson,2021,CB,NYG,8,NA,8,2,0,0.29144977080257944,-0.29144977080257944,27.448983672109296
Anthony Hitchens,2021,LB,KC,13,0.16112060471525347,27,2,0,0.29144977080257944,-0.29144977080257944,92.64031989336888
Khaleke Hudson,2021,LB,WAS,4,0.15262805674250693,3,2,0,0.2862061876862987,-0.2862061876862987,10.481953672113486
Ryan Neal,2021,S,SEA,10,0.16391447658338057,18,3,1,0.2818181818181818,0.7181818181818183,63.87096774193549
Bradlee Anae,2021,ED,DAL,3,0.14135116088191862,34,2,0,0.2796208530805687,-0.2796208530805687,121.59322033898304
Xavier Woods,2021,S,MIN,10,0.2035329254406361,9,1,1,0.2727272727272727,0.7272727272727273,33
Myles Bryant,2021,CB,NE,7,0.17180059628668443,6,2,1,0.2722665668911616,0.7277334331088384,22.03722648913591
Curtis Weaver,2021,ED,CLV,1,0.26666666666666666,4,1,0,0.26666666666666666,-0.26666666666666666,15
Jacob Phillips,2021,LB,CLV,4,0.23205583402951824,8,1,1,0.26666666666666666,0.7333333333333334,30
Amani Bledsoe,2021,ED,TEN,5,0.18920813511192003,48,1,0,0.2631578947368421,-0.2631578947368421,182.4
Andre Mintze,2021,ED,DEN,4,0.17421574947582608,34,1,0,0.2631578947368421,-0.2631578947368421,129.20000000000002
Henry Anderson,2021,DI,NE,4,0.23508207936299755,15,1,0,0.2631578947368421,-0.2631578947368421,57
Joejuan Williams,2021,CB,NE,8,0.19780701754385965,2,1,0,0.2631578947368421,-0.2631578947368421,7.6000000000000005
Juston Burris,2021,S,CAR,8,0.20411173083880496,7,1,0,0.2631578947368421,-0.2631578947368421,26.6
Myles Hartsfield,2021,CB,CAR,1,0.2631578947368421,1,1,0,0.2631578947368421,-0.2631578947368421,3.8000000000000003
Rashaan Evans,2021,LB,TEN,9,0.19564792852822452,13,1,0,0.2631578947368421,-0.2631578947368421,49.400000000000006
Sharif Finch,2021,ED,TEN,1,0.2631578947368421,3,1,0,0.2631578947368421,-0.2631578947368421,11.4
Carlos Davis,2021,DI,PIT,4,0.1670652063630171,29,2,0,0.25055297734272197,-0.25055297734272197,115.74398479540713
Divine Deablo,2021,LB,LV,6,0.14636931251888935,10,2,0,0.24409448818897636,-0.24409448818897636,40.96774193548387
Rashad Fenton,2021,CB,KC,8,0.1789022842213903,5,1,0,0.2396670469430008,-0.2396670469430008,20.86227566023765
Jabari Zuniga,2021,ED,NYJ,3,0.20854454205264575,26,1,1,0.239067055393586,0.760932944606414,108.75609756097562
Jarrad Davis,2021,LB,NYJ,8,0.1736518269604093,16,1,0,0.239067055393586,-0.239067055393586,66.92682926829268
Jonas Griffith,2021,LB,DEN,5,0.1536963236641651,13,1,0,0.239067055393586,-0.239067055393586,54.37804878048781
Nasir Adderley,2021,S,LAC,7,0.20586462490088106,4,1,1,0.239067055393586,0.760932944606414,16.73170731707317
Tony Jefferson,2021,S,BLT,3,0.17554222143654521,9,1,1,0.239067055393586,0.760932944606414,37.646341463414636
Demetrius Flannigan-Fowles,2021,LB,SF,4,0.22858199386252637,5,1,0,0.2384105960264901,-0.2384105960264901,20.97222222222222
Marcell Harris,2021,LB,SF,8,0.2093789284270925,6,1,1,0.2384105960264901,0.7615894039735099,25.166666666666664
Kindle Vildor,2021,CB,CHI,6,0.22226694844185033,3,1,1,0.23684210526315788,0.7631578947368421,12.666666666666668
Ledarius Mack,2021,ED,CHI,3,0.2151611191534534,6,1,1,0.23684210526315788,0.7631578947368421,25.333333333333336
Greedy Williams,2021,CB,CLV,7,0.17195514279644297,2,1,0,0.2314623305756029,-0.2314623305756029,8.640714862873711
Darryl Johnson,2021,DI,CAR,2,0.19840246717681267,7,1,0,0.22556390977443608,-0.22556390977443608,31.033333333333335
Dont'e Deayon,2021,CB,LA,5,0.19734563681932102,3,1,0,0.22556390977443608,-0.22556390977443608,13.3
Cam Brown,2021,LB,NYG,2,0.13942496552231606,7,2,0,0.2245862884160756,-0.2245862884160756,31.168421052631583
Andrew Sendejo,2021,S,IND,9,0.17017972311237253,11,1,0,0.2182061579651941,-0.2182061579651941,50.41104294478528
Neville Hewitt,2021,LB,HST,8,0.16920982129558795,11,1,0,0.2182061579651941,-0.2182061579651941,50.41104294478528
Robert Alford,2021,CB,ARZ,7,0.1969839773798303,1,1,0,0.21691973969631237,-0.21691973969631237,4.61
Travin Howard,2021,LB,LA,2,0.21691973969631237,1,1,0,0.21691973969631237,-0.21691973969631237,4.61
Buster Skrine,2021,CB,TEN,3,0.18855893744722377,4,1,0,0.21691973969631234,-0.21691973969631234,18.44
Danny Johnson,2021,CB,WAS,9,0.1879598129805324,6,1,0,0.21428571428571427,-0.21428571428571427,28
Darrick Forrest,2021,S,WAS,1,0.21428571428571427,2,1,0,0.21428571428571427,-0.21428571428571427,9.333333333333334
Ifeatu Melifonwu,2021,CB,DET,3,0.19422321147932897,3,1,0,0.21314086010398373,-0.21314086010398373,14.075198901498325
Tracy Walker,2021,S,DET,11,0.20653864010113962,9,1,1,0.21314086010398373,0.7868591398960163,42.225596704494976
Justin Lawler,2021,LB,LA,2,0.205706437275677,5,1,0,0.21201214849442354,-0.21201214849442354,23.58355422322185
Patrick Jones II,2021,ED,MIN,9,0.18779632351829126,48,1,0,0.2107843137254902,-0.2107843137254902,227.72093023255815
Xavien Howard,2021,CB,MIA,8,0.1686685992853224,6,1,0,0.2088724584103512,-0.2088724584103512,28.725663716814157
Adoree' Jackson,2021,CB,NYG,5,0.2072545188080117,2,1,0,0.2072545188080117,-0.2072545188080117,9.649970536240424
C.J. Moore,2021,S,DET,8,0.18359993419577242,17,1,0,0.20436769478942718,-0.20436769478942718,83.18340145450172
Dre Greenlaw,2021,LB,SF,2,0.17565734302062383,2,1,0,0.19698397737983034,-0.19698397737983034,10.15311004784689
Cameron Sutton,2021,CB,PIT,9,0.17805780899022583,3,1,0,0.1902173913043478,-0.1902173913043478,15.771428571428572
Chris Williams,2021,DI,IND,8,0.18028589835288078,36,1,0,0.1892675852066715,-0.1892675852066715,190.20689655172413
Sharrod Neasman,2021,S,NYJ,8,0.17897792311433608,4,1,0,0.1875,-0.1875,21.333333333333332
Shawn Williams,2021,S,ATL,2,0.18656942117997397,3,1,0,0.18656942117997397,-0.18656942117997397,16.079805474156743
Jayon Brown,2021,LB,TEN,8,0.19063856537063753,22,1,0,0.18600816582914573,-0.18600816582914573,118.27437737441959
Joe Jones,2021,LB,TEN,3,0.0938521631454928,21,1,0,0.18600816582914573,-0.18600816582914573,112.89826931194597
Monty Rice,2021,LB,TEN,4,0.1873317056747281,4,1,0,0.18600816582914573,-0.18600816582914573,21.50443224989447
Bryce Callahan,2021,CB,DEN,7,0.1675405437800688,7,1,0,0.18571428571428572,-0.18571428571428572,37.69230769230769
Levi Wallace,2021,CB,BUF,8,0.1846553966189857,1,1,0,0.1846553966189857,-0.1846553966189857,5.415492957746479
Tashawn Bower,2021,ED,NE,2,0.21640014441470154,12,1,1,0.18300175132745833,0.8169982486725417,65.57314295056952
K.J. Britt,2021,LB,TB,2,0.2003025475957759,3,1,0,0.18124852338041883,-0.18124852338041883,16.55185898371906
Chris Jackson,2021,CB,TEN,7,0.1716863042047996,7,1,0,0.18048359240069084,-0.18048359240069084,38.78468899521531
Dane Cruikshank,2021,S,TEN,7,0.14779793246078674,6,1,0,0.18048359240069084,-0.18048359240069084,33.24401913875598
Jay Tufele,2021,DI,JAX,4,0.19935035600817716,22,1,0,0.18048359240069084,-0.18048359240069084,121.89473684210527
Josh Mauro,2021,ED,ARZ,5,0.20175286242098475,39,1,1,0.18048359240069084,0.8195164075993091,216.08612440191388
Trevon Moehrig,2021,S,LV,9,0.20887154666565294,2,1,0,0.18048359240069084,-0.18048359240069084,11.08133971291866
Terrance Mitchell,2021,CB,HST,7,0.1804835924006908,1,1,0,0.1804835924006908,-0.1804835924006908,5.540669856459331
Davion Taylor,2021,LB,PHI,6,0.1700195352845537,3,1,0,0.1797752808988764,-0.1797752808988764,16.6875
Tim Ward,2021,ED,NYJ,11,0.17113368556172584,97,1,0,0.1797752808988764,-0.1797752808988764,539.5625
Marcus Maye,2021,S,NYJ,5,0.17932868158479126,5,1,1,0.1794871794871795,0.8205128205128205,27.857142857142858
Richard Sherman,2021,CB,TB,3,0.17264445193913797,5,1,0,0.1794871794871795,-0.1794871794871795,27.857142857142858
Blake Cashman,2021,LB,NYJ,1,0.17783038574014762,3,1,0,0.17783038574014762,-0.17783038574014762,16.870007830853563
Tre Herndon,2021,CB,JAX,5,0.20146193995905662,10,1,0,0.17745169002654032,-0.17745169002654032,56.353365800598255
Jahlani Tavai,2021,LB,NE,6,0.17654040742916172,2,1,0,0.17441626409017713,-0.17441626409017713,11.466820542412002
Anthony Pittman,2021,ED,DET,1,0.17361111111111108,6,1,0,0.1736111111111111,-0.1736111111111111,34.56
Blake Martinez,2021,LB,NYG,2,0.17850861232411452,10,1,0,0.1736111111111111,-0.1736111111111111,57.6
Chris Claybrooks,2021,CB,JAX,5,0.18336387295517315,2,1,0,0.1736111111111111,-0.1736111111111111,11.52
Xavier McKinney,2021,S,NYG,10,0.18004843658192346,4,1,0,0.1736111111111111,-0.1736111111111111,23.04
Khyiris Tonga,2021,DI,CHI,15,0.1848277633238079,79,1,0,0.1721479377395963,-0.1721479377395963,458.90761769973244
Jonathan Marshall,2021,DI,NYJ,4,0.1723570890057179,34,1,0,0.17194570135746606,-0.17194570135746606,197.73684210526315
Phil Hoskins,2021,DI,CAR,3,0.16265688087864483,11,1,1,0.17194570135746606,0.8280542986425339,63.973684210526315
Malik Hooker,2021,S,DAL,11,0.17711702398443774,8,1,0,0.1716779825412221,-0.1716779825412221,46.59887005649718
Tre Norwood,2021,CB,PIT,2,0.1516270928972993,5,1,0,0.1716779825412221,-0.1716779825412221,29.124293785310737
Jamien Sherwood,2021,LB,NYJ,3,0.18026341798963844,6,1,0,0.17138599105812222,-0.17138599105812222,35.00869565217391
Jeff Heath,2021,S,NO,2,0.17138599105812222,4,1,0,0.17138599105812222,-0.17138599105812222,23.339130434782607
De'Jon Harris,2021,LB,WAS,2,0.16924295904044687,1,1,1,0.16924295904044687,0.8307570409595532,5.908665303831121
Marlon Tuipulotu,2021,DI,PHI,5,0.161765965628252,24,1,0,0.16599893666781906,-0.16599893666781906,144.57923937203566
Raequan Williams,2021,DI,PHI,1,0.16599893666781906,21,1,0,0.16599893666781906,-0.16599893666781906,126.5068344505312
A.J. Bouye,2021,CB,CAR,10,0.15856818113573937,8,1,0,0.16218721037998146,-0.16218721037998146,49.325714285714284
Aaron Patrick,2021,ED,DEN,5,0.15164800534885609,30,1,0,0.16218721037998146,-0.16218721037998146,184.97142857142856
Carter Coughlin,2021,LB,NYG,6,0.1846382344889845,17,1,0,0.16218721037998146,-0.16218721037998146,104.81714285714285
Jalen Thompson,2021,S,ARZ,9,0.19809958476148623,7,1,0,0.16218721037998146,-0.16218721037998146,43.160000000000004
Victor Dimukeje,2021,ED,ARZ,4,0.18542843708294748,26,1,0,0.16218721037998146,-0.16218721037998146,160.30857142857144
Patrick Johnson,2021,LB,PHI,7,0.16814772879489268,14,1,0,0.16053607071571144,-0.16053607071571144,87.20781527531084
Jamal Perry,2021,S,MIA,1,0.15965166908563136,1,1,0,0.15965166908563136,-0.15965166908563136,6.263636363636364
Joe Bachie,2021,LB,CIN,6,0.17529188504637624,3,1,0,0.15597084081595064,-0.15597084081595064,19.23436447675545
Cody Barton,2021,LB,SEA,5,0.05580238351035136,6,2,0,0.15433070866141732,-0.15433070866141732,38.87755102040816
Jerry Jacobs,2021,CB,DET,7,0.19698397737983034,1,1,0,0.15433070866141732,-0.15433070866141732,6.479591836734694
Deon Bush,2021,S,CHI,5,0.183692776948166,4,1,0,0.1543307086614173,-0.1543307086614173,25.91836734693878
Eddie Jackson,2021,S,CHI,10,0.1593928904625788,9,1,0,0.1543307086614173,-0.1543307086614173,58.31632653061226
Marqui Christian,2021,CB,CHI,6,0.20362310627335972,5,1,0,0.1543307086614173,-0.1543307086614173,32.39795918367348
Chauncey Rivers,2021,ED,GB,4,0.1687672781835387,32,1,0,0.15298507462686567,-0.15298507462686567,209.1707317073171
Kahlil McKenzie,2021,DI,BLT,5,0.1962682348397859,16,1,0,0.15298507462686567,-0.15298507462686567,104.58536585365854
Kevin King,2021,CB,GB,6,0.1949135899450118,2,1,0,0.15298507462686567,-0.15298507462686567,13.073170731707318
Terrell Edmunds,2021,S,PIT,11,0.1903207992360275,12,1,1,0.15298507462686567,0.8470149253731343,78.4390243902439
Zach Kerr,2021,DI,SF,3,0.17524306254416874,24,1,0,0.15298507462686567,-0.15298507462686567,156.8780487804878
Curtis Robinson,2021,LB,DEN,2,0.15163934426229508,3,1,0,0.15163934426229508,-0.15163934426229508,19.783783783783782
Dorian O'Daniel,2021,LB,KC,3,0.1482040751677245,2,1,0,0.15163934426229508,-0.15163934426229508,13.18918918918919
Forrest Merrill,2021,DI,LAC,3,0.180728390067997,8,1,0,0.15079365079365079,-0.15079365079365079,53.05263157894737
Myles Hartsfield,2021,S,CAR,9,0.1577028316225939,15,1,1,0.14786024212217427,0.8521397578778257,101.4471489070454
Kenny Robinson Jr.,2021,S,CAR,6,0.16041173841359796,3,1,0,0.1458749731186196,-0.1458749731186196,20.56555648898404
Keisean Nixon,2021,CB,LV,2,0.1319532639065278,7,1,0,0.14516129032258066,-0.14516129032258066,48.22222222222222
Dicaprio Bootle,2021,CB,KC,1,0.1447688060731539,1,1,0,0.1447688060731539,-0.1447688060731539,6.907565428802974
Eli Ankou,2021,DI,BUF,5,0.1630956965532107,39,1,1,0.1425661914460285,0.8574338085539714,273.5571428571429
Fabian Moreau,2021,CB,ATL,9,0.16065499202828154,4,1,0,0.1425661914460285,-0.1425661914460285,28.05714285714286
Jordan Fuller,2021,S,LA,9,0.16963634953395645,3,1,0,0.1425661914460285,-0.1425661914460285,21.042857142857144
Freedom Akinmoladun,2021,DI,NYJ,1,0.1409090909090909,8,1,0,0.1409090909090909,-0.1409090909090909,56.7741935483871
Josh Jones,2021,S,IND,2,0.1409090909090909,1,1,0,0.1409090909090909,-0.1409090909090909,7.096774193548388
Will Parks,2021,S,NYJ,3,0.1409771661383277,6,1,0,0.1409090909090909,-0.1409090909090909,42.58064516129033
Daniel Wise,2021,DI,WAS,1,0.14080214685069067,4,1,0,0.14080214685069067,-0.14080214685069067,28.408657747539017
Andre Chachere,2021,CB,PHI,3,0.13981042654028436,1,1,0,0.13981042654028436,-0.13981042654028436,7.1525423728813555
Azur Kamara,2021,ED,DAL,5,0.16772773111046205,23,1,0,0.13981042654028436,-0.13981042654028436,164.5084745762712
Camryn Bynum,2021,S,MIN,7,0.17703539324356612,8,1,1,0.13981042654028436,0.8601895734597156,57.220338983050844
Delontae Scott,2021,ED,PIT,1,0.13981042654028436,5,1,0,0.13981042654028436,-0.13981042654028436,35.76271186440678
Demone Harris,2021,ED,HST,1,0.13981042654028436,27,1,0,0.13981042654028436,-0.13981042654028436,193.11864406779662
Jonathan Harris,2021,DI,DEN,3,0.13747534971388742,36,1,0,0.13981042654028436,-0.13981042654028436,257.49152542372883
P.J. Locke,2021,S,DEN,3,0.14530203866696756,2,1,0,0.13981042654028436,-0.13981042654028436,14.305084745762711
Steven Nelson,2021,CB,PHI,7,0.13981042654028436,1,1,0,0.13981042654028436,-0.13981042654028436,7.1525423728813555
Carlton Davis,2021,CB,TB,5,0.1621358164228044,9,1,0,0.13825983313468415,-0.13825983313468415,65.09482758620689
Devin McCourty,2021,S,NE,12,0.18435855059369155,6,1,0,0.13825983313468415,-0.13825983313468415,43.39655172413793
Nick Thurman,2021,DI,ATL,1,0.13825983313468415,4,1,0,0.13825983313468415,-0.13825983313468415,28.93103448275862
Kemon Hall,2021,CB,LAC,5,0.11976047904191617,1,1,0,0.11976047904191617,-0.11976047904191617,8.35
K.J. Wright,2021,LB,LV,9,0.13560653784837087,4,1,0,0.11229314420803782,-0.11229314420803782,35.62105263157895
Keion Crossen,2021,CB,NYG,3,0.1716779825412221,1,1,1,0.1122931442080378,0.8877068557919622,8.905263157894739
Jace Whittaker,2021,CB,ARZ,1,0.1111111111111111,4,1,0,0.1111111111111111,-0.1111111111111111,36
Akeem Davis-Gaither,2021,LB,CIN,8,0.16458901319072522,13,1,0,0.08888888888888889,-0.08888888888888889,146.25
Antwaun Woods,2021,DI,IND,7,0.1881340980011207,37,1,0,0.08888888888888889,-0.08888888888888889,416.25
A.J. Brown,2021,WR,TEN,1,NA,0,0,0,0,0,NA
A.J. Green,2021,CB,CLV,1,NA,0,0,0,0,0,NA
A.J. Moore,2021,S,HST,6,0.14184898191022277,1,0,0,0,0,Inf
A.J. Terrell,2021,CB,ATL,11,0.12405703413922847,4,0,0,0,0,Inf
Adrian Amos,2021,S,GB,11,0.18965615480832687,8,0,0,0,0,Inf
Adrian Colbert,2021,S,NYJ,3,0.17662117065206953,4,0,0,0,0,Inf
Ahkello Witherspoon,2021,CB,PIT,4,NA,0,0,0,0,0,NA
Akeem Spence,2021,DI,WAS,1,0.15163934426229508,2,0,0,0,0,Inf
Alohi Gilman,2021,S,LAC,2,NA,0,0,0,0,0,NA
Amani Hooker,2021,S,TEN,8,0.2044867254447039,5,0,0,0,0,Inf
Amani Oruwariye,2021,CB,DET,7,NA,0,0,0,0,0,NA
Ambry Thomas,2021,CB,SF,4,0.19698397737983034,1,0,0,0,0,Inf
Amik Robertson,2021,CB,LV,1,NA,0,0,0,0,0,NA
Andre Cisco,2021,S,JAX,5,0.1774516900265403,3,0,0,0,0,Inf
Andre Roberts,2021,WR,LAC,1,NA,0,0,0,0,0,NA
Andre Smith,2021,LB,BUF,1,0.18592964824120603,1,0,0,0,0,Inf
Andrew Billings,2021,DI,CLV,6,0.14905561830016711,45,0,0,0,0,Inf
Andrew Brown,2021,DI,LAC,2,0.16574770258980784,5,0,0,0,0,Inf
Andrew Dowell,2021,LB,NO,2,0.17581514690326044,2,0,0,0,0,Inf
Anthony Brown,2021,CB,DAL,7,NA,0,0,0,0,0,NA
Anthony Chesley,2021,CB,IND,3,0.1902173913043478,3,0,0,0,0,Inf
Anthony Levine,2021,S,BLT,3,0.22584025255883472,4,0,0,0,0,Inf
Anthony Pittman,2021,LB,DET,1,0.20436769478942718,2,0,0,0,0,Inf
Anthony Rush,2021,DI,TEN,2,0.19234682488072247,5,0,0,0,0,Inf
Ar'Darius Washington,2021,CB,BLT,1,NA,0,0,0,0,0,NA
Armani Watts,2021,S,KC,2,NA,0,0,0,0,0,NA
Artie Burns,2021,CB,CHI,3,NA,0,0,0,0,0,NA
Asante Samuel Jr.,2021,CB,LAC,3,NA,0,0,0,0,0,NA
Austin Calitro,2021,LB,CIN,1,0.14820359281437126,2,0,0,0,0,Inf
Austin Faoliu,2021,DI,DAL,1,0.17977528089887637,11,0,0,0,0,Inf
Bashaud Breeland,2021,CB,MIN,7,NA,0,0,0,0,0,NA
Ben DeLuca,2021,S,LAC,1,NA,0,0,0,0,0,NA
Benardrick McKinney,2021,LB,NYG,8,0.16758168889228922,5,0,0,0,0,Inf
Benjamin St-Juste,2021,CB,WAS,2,NA,0,0,0,0,0,NA
Bennett Skowronek,2021,WR,LA,1,NA,0,0,0,0,0,NA
Benning Potoa'e,2021,DI,TB,1,0.18124852338041883,8,0,0,0,0,Inf
Benny Snell Jr.,2021,HB,PIT,1,0.2368421052631579,1,0,0,0,0,Inf
Blessuan Austin,2021,CB,SEA,3,NA,0,0,0,0,0,NA
Bobby Brown III,2021,DI,LA,5,0.21636265270697735,10,0,0,0,0,Inf
Bobby McCain,2021,S,WAS,8,0.18571428571428572,2,0,0,0,0,Inf
Bobby Price,2021,CB,DET,2,NA,0,0,0,0,0,NA
Brandin Echols,2021,CB,NYJ,6,0.17972285067873303,2,0,0,0,0,Inf
Brandon Aiyuk,2021,WR,SF,1,NA,0,0,0,0,0,NA
Brandon Facyson,2021,CB,LV,7,NA,0,0,0,0,0,NA
Brandon King,2021,LB,NE,1,NA,0,0,0,0,0,NA
Brandon Wilson,2021,S,CIN,2,0.1409090909090909,1,0,0,0,0,Inf
Braxton Hoyett,2021,DI,NO,1,0.1724308742488661,4,0,0,0,0,Inf
Breiden Fehoko,2021,DI,LAC,7,0.17592770004138583,54,0,0,0,0,Inf
Breon Borders,2021,CB,TEN,1,NA,0,0,0,0,0,NA
Bruce Hector,2021,DI,DET,1,0.1892675852066715,5,0,0,0,0,Inf
Bruce Hector,2021,ED,DET,2,0.15647297560027218,9,0,0,0,0,Inf
Buddy Howell,2021,HB,LA,1,NA,0,0,0,0,0,NA
Buddy Johnson,2021,LB,PIT,1,NA,0,0,0,0,0,NA
Byron Pringle,2021,WR,KC,1,NA,0,0,0,0,0,NA
C.J. Henderson,2021,CB,CAR,5,NA,0,0,0,0,0,NA
Caleb Johnson,2021,LB,CHI,1,NA,0,0,0,0,0,NA
Calvin Munson,2021,LB,NE,2,NA,0,0,0,0,0,NA
Cameron Dantzler,2021,CB,MIN,7,0.14639775058357501,2,0,0,0,0,Inf
Cameron Lewis,2021,CB,BUF,1,0.22556390977443608,1,0,0,0,0,Inf
Caraun Reid,2021,DI,TEN,1,0.1409090909090909,7,0,0,0,0,Inf
Casey Hayward Jr.,2021,CB,LV,7,NA,0,0,0,0,0,NA
Chandon Sullivan,2021,CB,GB,8,0.20016292661671514,2,0,0,0,0,Inf
Charles Snowden,2021,ED,CHI,1,0.1861598440545809,2,0,0,0,0,Inf
Charlie Woerner,2021,TE,SF,1,NA,0,0,0,0,0,NA
Chidobe Awuzie,2021,CB,CIN,8,0.15433070866141735,2,0,0,0,0,Inf
Chris Banjo,2021,S,ARZ,2,0.22556390977443608,1,0,0,0,0,Inf
Chris Garrett,2021,ED,LA,1,0.1425661914460285,4,0,0,0,0,Inf
Chris Jones,2021,CB,TEN,6,0.1794871794871795,1,0,0,0,0,Inf
Chris Lammons,2021,CB,KC,1,NA,0,0,0,0,0,NA
Chris Westry,2021,CB,BLT,4,0.1716779825412221,1,0,0,0,0,Inf
Chris Williamson,2021,CB,ATL,3,NA,0,0,0,0,0,NA
Christian Jones,2021,LB,CHI,9,0.1777471774709328,9,0,0,0,0,Inf
Clay Johnston,2021,LB,CAR,3,NA,0,0,0,0,0,NA
Clay Johnston,2021,LB,CIN,2,0.14820359281437126,1,0,0,0,0,Inf
Clayton Fejedelem,2021,S,MIA,2,NA,0,0,0,0,0,NA
Cooper Kupp,2021,WR,LA,1,NA,0,0,0,0,0,NA
Cordarrelle Patterson,2021,HB,ATL,1,NA,0,0,0,0,0,NA
Cortez Broughton,2021,DI,KC,1,0.13981042654028436,2,0,0,0,0,Inf
D.J. Reed Jr.,2021,CB,SEA,6,NA,0,0,0,0,0,NA
Da'Shawn Hand,2021,ED,TEN,1,0.22556390977443608,3,0,0,0,0,Inf
Daelin Hayes,2021,ED,BLT,1,0.15298507462686567,3,0,0,0,0,Inf
Dakota Allen,2021,LB,JAX,2,0.17955936942281955,5,0,0,0,0,Inf
Dallin Leavitt,2021,S,LV,7,NA,0,0,0,0,0,NA
Damar Hamlin,2021,S,BUF,2,0.09322130400297517,1,0,0,0,0,Inf
Damontae Kazee,2021,S,DAL,10,0.18070528424728474,4,0,0,0,0,Inf
Dane Jackson,2021,CB,BUF,6,0.1425661914460285,1,0,0,0,0,Inf
Daniel Archibong,2021,DI,PIT,2,0.13981042654028436,5,0,0,0,0,Inf
Daniel Thomas,2021,S,JAX,4,0.19790933887535883,5,0,0,0,0,Inf
Danny Trevathan,2021,LB,CHI,4,0.1721479377395963,1,0,0,0,0,Inf
Daren Bates,2021,LB,ATL,1,NA,0,0,0,0,0,NA
Darian Thompson,2021,S,DAL,1,NA,0,0,0,0,0,NA
Darious Williams,2021,CB,LA,4,NA,0,0,0,0,0,NA
Darius Hodge,2021,ED,CIN,2,0.15138316043827857,6,0,0,0,0,Inf
Darius Phillips,2021,CB,CIN,3,NA,0,0,0,0,0,NA
Darius Slay,2021,CB,PHI,7,NA,0,0,0,0,0,NA
Darryl Johnson,2021,ED,CAR,1,0.14786024212217427,4,0,0,0,0,Inf
David Long Jr.,2021,CB,LA,3,NA,0,0,0,0,0,NA
David Mayo,2021,LB,WAS,7,0.19176433666308057,2,0,0,0,0,Inf
David Moa,2021,DI,NYG,2,0.20960771541966405,15,0,0,0,0,Inf
Davontae Harris,2021,CB,LAC,2,NA,0,0,0,0,0,NA
DeAndre Baker,2021,CB,KC,2,0.1736111111111111,2,0,0,0,0,Inf
Dee Delaney,2021,CB,TB,4,0.19019504545847413,2,0,0,0,0,Inf
Deionte Thompson,2021,S,ARZ,6,0.21385202671090126,2,0,0,0,0,Inf
Demetrius Harris,2021,TE,ARZ,1,0.2182061579651941,1,0,0,0,0,Inf
Demone Harris,2021,ED,KC,2,0.15518968828559682,8,0,0,0,0,Inf
Deommodore Lenoir,2021,CB,SF,4,0.15298507462686567,1,0,0,0,0,Inf
Derek Watt,2021,FB,PIT,1,0.2368421052631579,1,0,0,0,0,Inf
Derrick Barnes,2021,LB,DET,10,0.18059899964906254,18,0,0,0,0,Inf
DeSean Jackson,2021,WR,LA,1,NA,0,0,0,0,0,NA
Deshazor Everett,2021,S,WAS,3,0.16499843644824644,3,0,0,0,0,Inf
Desmond King II,2021,CB,HST,10,0.19258802035635442,5,0,0,0,0,Inf
Desmond Trufant,2021,CB,LV,5,NA,0,0,0,0,0,NA
Devin Duvernay,2021,WR,BLT,1,NA,0,0,0,0,0,NA
Dillon Stoner,2021,WR,LV,1,NA,0,0,0,0,0,NA
Donte Jackson,2021,CB,CAR,6,NA,0,0,0,0,0,NA
Doug Costin,2021,DI,JAX,1,0.17745169002654032,4,0,0,0,0,Inf
Dre Kirkpatrick,2021,CB,SF,2,NA,0,0,0,0,0,NA
Duke Shelley,2021,CB,CHI,4,0.21532999164578112,4,0,0,0,0,Inf
E.J. Speed,2021,ED,IND,1,0.21820615796519408,3,0,0,0,0,Inf
Eddie Yarbrough,2021,ED,MIN,2,0.13981042654028436,1,0,0,0,0,Inf
Efe Obada,2021,ED,BUF,1,0.2182061579651941,9,0,0,0,0,Inf
Eli Ankou,2021,DI,TEN,1,0.18048359240069084,10,0,0,0,0,Inf
Eli Apple,2021,CB,CIN,8,0.15298507462686567,1,0,0,0,0,Inf
Elijah Lee,2021,LB,CLV,4,0.19460212341007044,2,0,0,0,0,Inf
Emeke Egbule,2021,ED,LAC,2,0.17266219440817615,18,0,0,0,0,Inf
Emmanuel Ellerbee,2021,LB,ATL,2,0.1409090909090909,2,0,0,0,0,Inf
Emmanuel Moseley,2021,CB,SF,8,0.19528597982904752,3,0,0,0,0,Inf
Eric Banks,2021,DI,LAC,3,0.14018790473182902,14,0,0,0,0,Inf
Eric Murray,2021,S,HST,8,0.22087501863404835,6,0,0,0,0,Inf
Eric Stokes,2021,CB,GB,6,NA,0,0,0,0,0,NA
Eric Wilson,2021,LB,HST,1,NA,0,0,0,0,0,NA
Foster Moreau,2021,TE,LV,1,0.11229314420803782,1,0,0,0,0,Inf
Francis Bernard,2021,LB,DAL,1,NA,0,0,0,0,0,NA
Frank Herron,2021,DI,CAR,1,0.14786024212217427,3,0,0,0,0,Inf
Gabe Nabers,2021,FB,LAC,1,0.11976047904191617,1,0,0,0,0,Inf
Gabriel Davis,2021,WR,BUF,1,0.18592964824120603,1,0,0,0,0,Inf
Garret Wallow,2021,LB,HST,4,0.14992159114732312,5,0,0,0,0,Inf
Gavin Heslop,2021,S,SEA,1,NA,0,0,0,0,0,NA
Gerald McCoy,2021,DI,LV,1,0.19021739130434784,5,0,0,0,0,Inf
Grant Stuard,2021,LB,TB,2,0.20982955970345446,2,0,0,0,0,Inf
Greg Mabin,2021,CB,TEN,3,NA,0,0,0,0,0,NA
Greg Newsome II,2021,CB,CLV,8,0.13915343915343914,3,0,0,0,0,Inf
Ha Ha Clinton-Dix,2021,S,LV,1,NA,0,0,0,0,0,NA
Hamilcar Rashed Jr.,2021,ED,NYJ,1,0.13825983313468415,10,0,0,0,0,Inf
Hamsah Nasirildeen,2021,LB,NYJ,1,0.1794871794871795,1,0,0,0,0,Inf
Harrison Hand,2021,CB,MIN,1,NA,0,0,0,0,0,NA
Harvey Langi,2021,LB,NE,1,NA,0,0,0,0,0,NA
Henry Black,2021,S,GB,8,0.15298507462686567,1,0,0,0,0,Inf
Herb Miller III,2021,CB,CLV,1,NA,0,0,0,0,0,NA
Hunter Renfrow,2021,WR,LV,1,NA,0,0,0,0,0,NA
Isaac Yiadom,2021,CB,GB,2,0.15079365079365079,1,0,0,0,0,Inf
Isaiah Dunn,2021,CB,NYJ,4,NA,0,0,0,0,0,NA
Isaiah McDuffie,2021,LB,GB,1,0.15298507462686567,1,0,0,0,0,Inf
Isaiah Rodgers,2021,CB,IND,7,NA,0,0,0,0,0,NA
J.C. Jackson,2021,CB,NE,9,0.21267255255841178,2,0,0,0,0,Inf
J.R. Reed,2021,S,NYG,2,0.15163934426229508,2,0,0,0,0,Inf
J.T. Gray,2021,S,NO,4,0.1797752808988764,3,0,0,0,0,Inf
Jabaal Sheard,2021,ED,MIA,1,0.1513896092396048,8,0,0,0,0,Inf
Jack Heflin,2021,DI,GB,3,0.15198316511270996,9,0,0,0,0,Inf
Jackrabbit Jenkins,2021,CB,TEN,5,0.18048359240069084,2,0,0,0,0,Inf
JaCoby Stevens,2021,LB,PHI,1,0.16599893666781906,1,0,0,0,0,Inf
Jaelon Darden,2021,WR,TB,1,NA,0,0,0,0,0,NA
Jake Kumerow,2021,WR,BUF,1,0.18592964824120603,1,0,0,0,0,Inf
Jalen Davis,2021,CB,CIN,3,NA,0,0,0,0,0,NA
Jalen Elliott,2021,S,DET,3,NA,0,0,0,0,0,NA
Jalen Mills,2021,CB,NE,8,0.21959064327485378,3,0,0,0,0,Inf
Jamel Dean,2021,CB,TB,8,0.17478265225613346,1,0,0,0,0,Inf
James Bradberry,2021,CB,NYG,7,0.1716779825412221,1,0,0,0,0,Inf
James Pierre,2021,CB,PIT,5,NA,0,0,0,0,0,NA
Jamir Jones,2021,ED,JAX,1,0.17745169002654032,4,0,0,0,0,Inf
Jamir Jones,2021,ED,PIT,3,0.2038535121761978,22,0,0,0,0,Inf
JaMycal Hasty,2021,HB,SF,1,NA,0,0,0,0,0,NA
Jaquan Johnson,2021,S,BUF,3,0.18592964824120603,1,0,0,0,0,Inf
Jarren Williams,2021,CB,NYG,2,0.17194570135746606,1,0,0,0,0,Inf
Jashon Cornell,2021,DI,DET,1,0.19698397737983034,3,0,0,0,0,Inf
Jason McCourty,2021,S,MIA,3,0.17753488025069014,4,0,0,0,0,Inf
Jason Pinnock,2021,S,NYJ,4,NA,0,0,0,0,0,NA
Javaris Davis,2021,CB,MIA,1,NA,0,0,0,0,0,NA
Jaycee Horn,2021,CB,CAR,1,0.22556390977443608,1,0,0,0,0,Inf
Jaylon Johnson,2021,CB,CHI,8,0.19698397737983034,1,0,0,0,0,Inf
Jeff Wilson Jr.,2021,HB,SF,1,NA,0,0,0,0,0,NA
Jeremy Reaves,2021,S,WAS,2,0.21428571428571427,1,0,0,0,0,Inf
Jimmie Ward,2021,S,SF,13,0.18471627271722776,14,0,0,0,0,Inf
Jimmy Moreland,2021,CB,HST,1,NA,0,0,0,0,0,NA
Jimmy Smith,2021,CB,BLT,5,0.13981042654028436,2,0,0,0,0,Inf
Joe Haden,2021,CB,PIT,3,NA,0,0,0,0,0,NA
Joe Thomas,2021,LB,BLT,1,0.239067055393586,1,0,0,0,0,Inf
Joe Walker,2021,LB,ARZ,3,0.22556390977443608,3,0,0,0,0,Inf
Joel Iyiegbuniwe,2021,LB,CHI,1,NA,0,0,0,0,0,NA
John Cominsky,2021,DI,ATL,1,0.15163934426229508,1,0,0,0,0,Inf
John Cominsky,2021,ED,ATL,2,0.19233055939395613,5,0,0,0,0,Inf
John Reid,2021,CB,SEA,1,NA,0,0,0,0,0,NA
John Simon,2021,ED,PIT,1,0.11229314420803782,3,0,0,0,0,Inf
Jon Bostic,2021,LB,WAS,4,0.16060383556616234,15,0,0,0,0,Inf
Jonathan Jones,2021,CB,NE,2,0.1731809827238216,2,0,0,0,0,Inf
Jonathan Ledbetter,2021,DI,ARZ,1,0.20127369409185522,5,0,0,0,0,Inf
Jonathan Owens,2021,S,HST,4,0.1409090909090909,1,0,0,0,0,Inf
Jonathan Ward,2021,HB,ARZ,1,0.2182061579651941,1,0,0,0,0,Inf
Jordan Evans,2021,LB,CIN,2,0.1534464441944757,4,0,0,0,0,Inf
Jordan Kunaszyk,2021,LB,WAS,2,0.16924295904044687,1,0,0,0,0,Inf
Jordan Smith,2021,ED,JAX,2,0.1777273175150995,11,0,0,0,0,Inf
Josey Jewell,2021,LB,DEN,2,0.17675324675324675,5,0,0,0,0,Inf
Josh Jackson,2021,CB,KC,1,NA,0,0,0,0,0,NA
Josh Metellus,2021,S,MIN,4,0.2107843137254902,1,0,0,0,0,Inf
Josh Norman,2021,CB,SF,9,0.17138599105812222,1,0,0,0,0,Inf
Joshua Kaindoh,2021,ED,KC,3,0.15839468266792378,27,0,0,0,0,Inf
Josiah Bronson,2021,DI,CLV,1,0.1861598440545809,4,0,0,0,0,Inf
Josiah Scott,2021,CB,PHI,1,NA,0,0,0,0,0,NA
Jovante Moffatt,2021,S,CLV,1,0.1716779825412221,2,0,0,0,0,Inf
Juju Hughes,2021,S,LA,2,NA,0,0,0,0,0,NA
Julian Blackmon,2021,S,IND,2,0.22188503386981506,2,0,0,0,0,Inf
Julian Stanford,2021,LB,CAR,5,0.15474300414813727,6,0,0,0,0,Inf
Justin Bethel,2021,CB,NE,3,NA,0,0,0,0,0,NA
Justin Hardee,2021,CB,NYJ,1,NA,0,0,0,0,0,NA
Justin Jackson,2021,HB,LAC,1,NA,0,0,0,0,0,NA
Justin Layne,2021,CB,PIT,3,NA,0,0,0,0,0,NA
Justin March-Lillard,2021,LB,SF,1,NA,0,0,0,0,0,NA
Justin Reid,2021,S,HST,8,0.12648004651066694,2,0,0,0,0,Inf
K'Von Wallace,2021,S,PHI,1,NA,0,0,0,0,0,NA
Kaden Elliss,2021,ED,NO,1,0.17138599105812222,1,0,0,0,0,Inf
Kamal Martin,2021,LB,CAR,2,NA,0,0,0,0,0,NA
Kareem Jackson,2021,S,DEN,8,0.18094768692278496,2,0,0,0,0,Inf
Karl Joseph,2021,S,PIT,2,0.1736111111111111,1,0,0,0,0,Inf
Keith Smith,2021,FB,ATL,1,0,1,0,0,0,0,Inf
Keith Taylor,2021,CB,CAR,7,NA,0,0,0,0,0,NA
Kelvin Joseph,2021,CB,DAL,3,NA,0,0,0,0,0,NA
Ken Crawley,2021,CB,NO,1,NA,0,0,0,0,0,NA
Kendal Vickers,2021,DI,LV,1,0.17361111111111108,12,0,0,0,0,Inf
Kevin Pierre-Louis,2021,LB,HST,3,NA,0,0,0,0,0,NA
Kevin Strong Jr.,2021,DI,DET,1,0.21314086010398373,18,0,0,0,0,Inf
Kevin Strong Jr.,2021,DI,TEN,5,0.18461889902449,28,0,0,0,0,Inf
Khalil Davis,2021,DI,IND,1,0.22556390977443605,3,0,0,0,0,Inf
Kris Boyd,2021,CB,MIN,5,0.19698397737983034,2,0,0,0,0,Inf
Kristian Welch,2021,LB,BLT,5,0.169824975984054,3,0,0,0,0,Inf
Lerentee McCray,2021,ED,JAX,10,0.2048145250657014,12,0,0,0,0,Inf
Lonnie Johnson Jr.,2021,S,HST,5,NA,0,0,0,0,0,NA
Luke Gifford,2021,LB,DAL,5,0.18836622700413735,2,0,0,0,0,Inf
Mack Wilson,2021,LB,CLV,8,0.21576361541286262,2,0,0,0,0,Inf
Malcolm Smith,2021,LB,CLV,12,0.18988841860666178,18,0,0,0,0,Inf
Marco Wilson,2021,CB,ARZ,7,0.2182061579651941,1,0,0,0,0,Inf
Marcus Epps,2021,S,PHI,7,0.17130093104243982,2,0,0,0,0,Inf
Marcus Kemp,2021,WR,KC,1,NA,0,0,0,0,0,NA
Marcus Williams,2021,S,NO,8,NA,0,0,0,0,0,NA
Mark Gilbert,2021,CB,DET,3,NA,0,0,0,0,0,NA
Mark Webb,2021,S,LAC,1,NA,0,0,0,0,0,NA
Marquel Lee,2021,LB,LV,3,0.11229314420803782,1,0,0,0,0,Inf
Marquez Stevenson,2021,WR,BUF,1,NA,0,0,0,0,0,NA
Marquise Blair,2021,CB,SEA,2,0.1782934094265475,3,0,0,0,0,Inf
Marquiss Spencer,2021,DI,DEN,1,0.13981042654028436,2,0,0,0,0,Inf
Marshon Lattimore,2021,CB,NO,8,NA,0,0,0,0,0,NA
Marvin Wilson,2021,DI,PHI,1,0.16599893666781906,8,0,0,0,0,Inf
Matthew Adams,2021,LB,IND,1,NA,0,0,0,0,0,NA
Matthias Farley,2021,S,TEN,3,0.1409090909090909,1,0,0,0,0,Inf
Maurice Hurst,2021,DI,SF,2,0.19138456248258154,20,0,0,0,0,Inf
Mecole Hardman,2021,WR,KC,1,NA,0,0,0,0,0,NA
Michael Davis,2021,CB,LAC,5,NA,0,0,0,0,0,NA
Michael Thomas,2021,S,CIN,1,NA,0,0,0,0,0,NA
Mike Ford,2021,CB,DEN,2,NA,0,0,0,0,0,NA
Mike Hughes,2021,CB,KC,7,0.1716779825412221,1,0,0,0,0,Inf
Miles Boykin,2021,WR,BLT,1,NA,0,0,0,0,0,NA
Miles Killebrew,2021,LB,PIT,6,0.2368421052631579,1,0,0,0,0,Inf
Minkah Fitzpatrick,2021,S,PIT,8,0.21315987252735236,4,0,0,0,0,Inf
Nate Hairston,2021,CB,DEN,6,0.13981042654028436,2,0,0,0,0,Inf
Nick Dzubnar,2021,LB,TEN,5,0.11321213011472912,10,0,0,0,0,Inf
Nick Kwiatkoski,2021,LB,LV,2,0.13981042654028436,1,0,0,0,0,Inf
Nick Niemann,2021,LB,LAC,5,0.17266219440817615,2,0,0,0,0,Inf
Nick Scott,2021,S,LA,7,0.18048359240069084,1,0,0,0,0,Inf
Nickell Robey-Coleman,2021,CB,DET,1,NA,0,0,0,0,0,NA
Noah Dawkins,2021,LB,NYJ,1,NA,0,0,0,0,0,NA
Noah Gray,2021,TE,KC,1,NA,0,0,0,0,0,NA
Noah Igbinoghene,2021,CB,MIA,2,0.1409090909090909,1,0,0,0,0,Inf
Patrick Onwuasor,2021,LB,LV,1,0.11229314420803782,1,0,0,0,0,Inf
Patrick Peterson,2021,CB,MIN,3,NA,0,0,0,0,0,NA
Patrick Surtain II,2021,CB,DEN,8,0.18571428571428572,1,0,0,0,0,Inf
Paulson Adebo,2021,CB,NO,8,NA,0,0,0,0,0,NA
Pierre Desir,2021,CB,TB,5,NA,0,0,0,0,0,NA
Pita Taumoepenu,2021,ED,DEN,2,0.13981042654028436,1,0,0,0,0,Inf
Qadree Ollison,2021,HB,ATL,1,0,1,0,0,0,0,Inf
Quandre Diggs,2021,S,SEA,10,0.19759072633772262,4,0,0,0,0,Inf
Rachad Wildgoose,2021,CB,NYJ,1,NA,0,0,0,0,0,NA
Rashaan Melvin,2021,CB,CAR,4,0.13825983313468415,1,0,0,0,0,Inf
Rashad Weaver,2021,ED,TEN,2,0.182679590602186,4,0,0,0,0,Inf
Rashard Robinson,2021,CB,TB,1,NA,0,0,0,0,0,NA
Rasul Douglas,2021,CB,GB,7,NA,0,0,0,0,0,NA
Raymond Johnson III,2021,ED,NYG,5,0.1746685088228168,19,0,0,0,0,Inf
Reggie Gilliam,2021,FB,BUF,1,0.18592964824120603,1,0,0,0,0,Inf
Renell Wren,2021,DI,CIN,1,0.14820359281437126,19,0,0,0,0,Inf
Ricardo Allen,2021,S,CIN,9,0.16320469827064277,8,0,0,0,0,Inf
Richie Grant,2021,CB,ATL,8,0.1561234014624785,13,0,0,0,0,Inf
River Cracraft,2021,WR,SF,1,NA,0,0,0,0,0,NA
Robert Rochell,2021,CB,LA,5,NA,0,0,0,0,0,NA
Robert Spillane,2021,LB,PIT,11,0.18044324600471565,14,0,0,0,0,Inf
Rock Ya-Sin,2021,CB,IND,6,NA,0,0,0,0,0,NA
Roderic Teamer,2021,S,LV,2,0.13981042654028436,5,0,0,0,0,Inf
Rodney McLeod,2021,S,PHI,7,0.17048478683192536,3,0,0,0,0,Inf
Ron'Dell Carter,2021,ED,HST,1,0.13981042654028436,13,0,0,0,0,Inf
Ronald Darby,2021,CB,DEN,7,NA,0,0,0,0,0,NA
Ross Dwelley,2021,TE,SF,1,NA,0,0,0,0,0,NA
Ryan Smith,2021,CB,LAC,2,NA,0,0,0,0,0,NA
Sam Beal,2021,CB,NYG,2,NA,0,0,0,0,0,NA
Sean Davis,2021,S,NE,1,0.13825983313468415,2,0,0,0,0,Inf
Sean Murphy-Bunting,2021,CB,TB,5,0.17702172381372025,7,0,0,0,0,Inf
Shaquille Quarterman,2021,LB,JAX,5,0.17345869581347395,4,0,0,0,0,Inf
Sharif Finch,2021,ED,NO,1,0.17243087424886613,3,0,0,0,0,Inf
Shaun Bradley,2021,LB,PHI,1,NA,0,0,0,0,0,NA
Shaun Wade,2021,CB,NE,2,NA,0,0,0,0,0,NA
Sheldrick Redwine,2021,S,MIA,1,0.21006718682271347,1,0,0,0,0,Inf
Shemar Jean-Charles,2021,S,GB,2,NA,0,0,0,0,0,NA
Sidney Jones,2021,CB,SEA,6,NA,0,0,0,0,0,NA
Siran Neal,2021,S,BUF,5,0.14209400368752384,5,0,0,0,0,Inf
Stantley Thomas-Oliver III,2021,CB,CAR,1,NA,0,0,0,0,0,NA
Stephen Anderson,2021,TE,LAC,1,0.11976047904191617,1,0,0,0,0,Inf
Stephon Gilmore,2021,CB,CAR,6,NA,0,0,0,0,0,NA
Steven Parker,2021,S,NYG,2,0.15163934426229508,1,0,0,0,0,Inf
T.J. Carrie,2021,CB,IND,4,0.21745663339759486,2,0,0,0,0,Inf
T.J. Green,2021,CB,ATL,1,NA,0,0,0,0,0,NA
T.J. Smith,2021,DI,MIN,1,0.21691973969631237,7,0,0,0,0,Inf
Taiwan Jones,2021,HB,BUF,1,NA,0,0,0,0,0,NA
Tanner Vallejo,2021,LB,ARZ,5,0.22289692279320847,6,0,0,0,0,Inf
Tavon Wilson,2021,S,SF,3,0.25274725274725274,1,0,0,0,0,Inf
Tay Gowan,2021,CB,PHI,1,NA,0,0,0,0,0,NA
Teez Tabor,2021,S,CHI,3,NA,0,0,0,0,0,NA
Terrell Burgess,2021,S,LA,3,0.15298507462686567,1,0,0,0,0,Inf
Terrence Brooks,2021,S,HST,2,NA,0,0,0,0,0,NA
Tevaughn Campbell,2021,CB,LAC,9,0.14610061180355907,3,0,0,0,0,Inf
Tim Harris,2021,CB,CLV,1,NA,0,0,0,0,0,NA
Tony Jefferson,2021,S,SF,1,NA,0,0,0,0,0,NA
Torry McTyer,2021,CB,WAS,1,0.13981042654028436,1,0,0,0,0,Inf
Trayvon Henderson,2021,S,CIN,1,0.14820359281437126,2,0,0,0,0,Inf
Trayvon Mullen,2021,CB,LV,2,0.18650088809946713,1,0,0,0,0,Inf
Tre Brown,2021,CB,SEA,4,NA,0,0,0,0,0,NA
Tre Flowers,2021,CB,CIN,6,NA,0,0,0,0,0,NA
Tremon Smith,2021,CB,HST,2,NA,0,0,0,0,0,NA
Trevon Diggs,2021,CB,DAL,7,NA,0,0,0,0,0,NA
Trey Marshall,2021,S,LAC,6,NA,0,0,0,0,0,NA
Trill Williams,2021,CB,MIA,1,0.1794871794871795,1,0,0,0,0,Inf
Troy Dye,2021,LB,MIN,1,NA,0,0,0,0,0,NA
Tylan Wallace,2021,WR,BLT,1,NA,0,0,0,0,0,NA
Tyler Davis,2021,TE,GB,1,0.15298507462686567,1,0,0,0,0,Inf
Tyler Matakevich,2021,LB,BUF,4,0.1395754761220906,2,0,0,0,0,Inf
Tyler Shelvin,2021,DI,CIN,3,0.15010978043912176,15,0,0,0,0,Inf
Tyrel Dodson,2021,LB,BUF,5,0.16823828733953908,3,0,0,0,0,Inf
Tyrell Adams,2021,LB,SF,1,NA,0,0,0,0,0,NA
Tyson Campbell,2021,CB,JAX,8,0.2177942326087307,4,0,0,0,0,Inf
Ulysees Gilbert III,2021,LB,PIT,2,0.17456762473559786,2,0,0,0,0,Inf
Vernon Hargreaves III,2021,CB,CIN,3,0.14820359281437126,1,0,0,0,0,Inf
Vernon Hargreaves III,2021,CB,HST,3,0.1409090909090909,1,0,0,0,0,Inf
Vince Biegel,2021,LB,MIA,2,0.21006718682271347,1,0,0,0,0,Inf
Vincent Taylor,2021,DI,HST,1,0.1409090909090909,15,0,0,0,0,Inf
William Jackson III,2021,CB,WAS,5,NA,0,0,0,0,0,NA
Woodrow Hamilton,2021,DI,NYG,1,0.2107843137254902,4,0,0,0,0,Inf
Woodrow Hamilton,2021,DI,TEN,2,0.23215503136078536,8,0,0,0,0,Inf
Xavier Crawford,2021,CB,CHI,4,0.18134454706997924,4,0,0,0,0,Inf
Xavier Crawford,2021,S,CHI,1,0.1861598440545809,1,0,0,0,0,Inf
Xavier Rhodes,2021,CB,IND,6,NA,0,0,0,0,0,NA
Xavier Williams,2021,DI,HST,1,0.13981042654028436,14,0,0,0,0,Inf
Za'Darius Smith,2021,ED,GB,1,0.17447916666666666,9,0,0,0,0,Inf
Zach Cunningham,2021,LB,TEN,2,0.20258467759573465,7,0,0,0,0,Inf
Zach Kerr,2021,DI,ARZ,3,0.21706836697788523,18,0,0,0,0,Inf
Zaire Franklin,2021,LB,IND,11,0.18129729935567476,8,0,0,0,0,Inf
Zaven Collins,2021,LB,ARZ,11,0.19236666630323038,26,0,0,0,0,Inf
Zech McPhearson,2021,CB,PHI,4,NA,0,0,0,0,0,NA
